Uid,Uname,Like,Level,Content,Time
33661026,大爱南大,4268,6,呜呜呜~TIRIRI的魔力耗完啦~要好好休息才行呢~[吃瓜],2021-03-28 19:02:16
129358089,__枫侠__,1538,5,是不是mhy都有挨骂的时候喜欢发一堆动态的传统？[嗑瓜子],2021-03-28 19:23:07
352751792,雪辰沙,790,4,生辰：预估为1972年，也就是说，学园长已经……12岁，又444个月了[doge][doge],2021-03-28 19:04:14
402635875,一名路过的芬厨,1181,4,"德莉莎世界第一可爱[崩坏3_干杯]
，
，
，
，
，
，
，ch爬",2021-03-28 19:04:44
357935747,我永远单推德莉莎-,582,5,德丽莎大人还是那么可爱那么迷人那么……啊抱歉我失态了[脱单doge]生日快乐！,2021-03-28 19:00:53
13245810,闰土高达Gaiprind,479,5,"┏━━━━━ ━━┓ 
┃███████ ┃
┃██┏━┓ ██┃
┃██┃    ┃██┃
┃██┣━┫ ██┃         清明快乐😄💧
┃██┃m┃██┃                 ╭
┃██┃h ┃██┃       ╭╯ 
┃██┃y ┃██┃           ╭  ╭╯ 
┃██┃之┃██┃   ╭╯  | ╭╯
┃██┃墓 ┃██┃        \ | /
┃██┕─┙ ██┃        \ | /
┃███████ ┃        \ | /
┃███████ ┃ 
┻━━━━━━━ ┻━━\━|━/━━━━",2021-04-03 02:38:09
12440106,冥半仙今天吃什么,726,5,"💃🏻💃🏻💃🏻💃🏻💃🏻💃🏻💃🏻💃🏻💃🏻💃🏻
🎶🎶🎶🎶🎶🎶🎶🎶🎶🎶
🌈🔮🔮🔮🔮🔮🔮🔮🔮🌈

👴🏿👴🏿👴🏿👴🏿👴🏿👏🏻👏🏻👏🏻👏🏻👏🏻
👴🏻👴🏻👴🏻👴🏻👴🏻👍🏻👍🏻👍🏻👍🏻👍🏻
🚧🚧🚧🚧🚧🚧🚧🚧🚧🚧
👒👒👒👒👒👒👒👒👒👒
👴👴👴👴👴😭😭😭😭😭",2021-04-02 22:59:49
31864637,买女孩的小男孩,370,5,"🔞🔞🔞🔞    ❎️🇨🇳😭￥💍
👯👯👯👯    ❎️🇨🇳😭￥💍
👯💂👳👯    ❎️🇨🇳😭￥💍
👯🎅👼👯    ❎️🇨🇳😭￥💍
👯👯👯👯    ❎️🇨🇳😭￥💍",2021-04-02 09:32:19
3354942,曾经消逝的梦,419,5,mhy，真可怜，又被水军欺负了吧，你应该清楚，只有我才是你的朋友，只有我爱你啊，为什么！为什么要害怕！你的朋友只有我一个人，我对你这么好，对不起，我不该黑你，但是谁叫你是mhy，原谅我，我会把所有的爱给你，我真的爱你，刚才不该黑你，对不起，我爱你，对不起，我爱你，对不起，我爱你，对不起，我爱你，对不起，我爱你，这游戏真的好啊，但是它迟早会被ch搞死，我不忍心看到你堕落的样子，让时间停在这一刻吧，现在死掉吧为，崩坏三，求你死吧，我好残忍，米哈游，原谅我，今天原谅我犯下的错误，明天会给你更多的爱。,2021-04-02 09:40:41
32660905,绯月FY,265,5,"很喜欢角色编辑的一句话:
识之律者是怎样的一个角色呢？
我们（编剧）首先迅速地达成了一个共识
就是“符华不可以成为律者”
原因非常简单
就是大家很熟知的符华这个人物
她在自己的漫长的人生里面都一直与崩坏作战
数千数万年的时光她都一直在持续着抵抗崩坏
如果这样子的人物她成为了律者她被崩坏侵蚀了
那将对这个人物的基本盘造成完全不可逆的影响
然后
她成了兔女郎",2021-04-03 22:39:17
52053614,Muesli7,120,4,".                        /´ /) 
                       /¯ ../
                     /... ./
                    /... ./
              /´¯/' ...'/´¯`.¸
          /'/.../... ./... ....--
        ('(...´(... ....... ,~/'...')
         \.......... ..... ..\/..../
           ''...\.... ..... . _..´
             \....... ..... ..(
               \..... ..... ...\
     s    吧   ，煞    笔    策   划",2021-03-30 22:37:13
22789894,银河的灰燕,100,5,来人，把ch砍了给德丽莎庆祝生日,2021-03-29 11:44:24
502617170,想当欧皇的非酋QAQ,133,4,"姓名：德丽莎
代号：老婆[doge]
身份：天穹城现役偶像和我老婆[doge]
武器/装备：不明
 
——魔法少女TeRiRi？不好意思，你认错人了！",2021-03-28 19:59:30
155955190,记忆中的小辣椒,233,5,别骂了别骂了，直接退游加取关吧😄就是因为你们这些人还有利用价值，官方才会这么有恃无恐的，先退个100万，再让mhy来求你回来吧😄,2021-03-29 15:13:51
548075819,DY彦曦,63,4,你们别骂了，我都赞不过来了[doge]，原神玩家表示你们最好疯狂冲，我们已经把武神钟离冲回来了 ，现在你们加油，看好你们，冲冲冲！！！[脱单doge][脱单doge][脱单doge],2021-04-05 14:53:41
436124771,戮剑仙,157,5,[翻白眼]老婆是真的好看，吃相是真的难看,2021-03-28 19:06:26
8157668,见到我快让我滚去学习,258,5,好好想想为什么会到这个地步，以前越喜欢现在就喷的越狠，我相信好多人跟我一样[辣眼睛],2021-03-28 19:02:19
11818534,夏日の幽灵,85,5,".                        /´ /) 
                       /¯ ../
                     /... ./
                    /... ./
              /´¯/' ...'/´¯`.¸
          /'/.../... ./... ....--
        ('(...´(... ....... ,~/'...')
         \.......... ..... ..\/..../
           ''...\.... ..... . _..´
             \....... ..... ..(
               \..... ..... ...\
     s    吧   ，煞    笔    策   划",2021-03-29 00:14:04
9009593,我叫盐,59,5,"舰长日记：今天去女武神工作的地方看了看，发现在舰船里都不对我笑的女武神穿着兔女郎对说英文的人笑的很开心。她跟我说在工作。我都知道的，但是我不在意，只要她开心就好。
女武神们难得穿着好看，却没机会看到了",2021-03-29 12:50:09
319197497,原批管理员,115,5,"我看了下来龙去脉，挺好笑的
Mhy给外服搞了个专属活动，开头女武神集体穿兔女郎装跳舞，活动剧情是因为女武神赌博欠了一屁股债于是去舞厅穿兔女郎跳舞还债 然后节奏就炸了 一些角色厨觉得自己被绿了(墙内爱答不理高冷 墙外直接兔女郎热舞) 也有一些人把不能卖福利的锅扔给__(好吧其实也有一些原因)我是觉得挺蠢的 不过尺度确实很大",2021-03-30 00:38:51
54207290,想改ID的阿c,79,6,"德丽莎我lp
ch爬",2021-03-28 19:00:40
613618491,泳装拉弥亚,68,3,我大神州的守护者尽然是个兔女郎c位，还要印成立牌免费给外国人观赏把玩，妙啊,2021-03-31 01:18:45
519501265,九幽黎殇,63,2,"兔女郎服在西方文化圈是有很深的暗示色彩，除了性以外，还有地位低，比中国的洗头小妹都低，因为她们是免费的，还有一些他们才懂得梗，这些都是国内的人都不清楚的。利用这些信息差塑造出来的优越感刺激非常大，再加上这两年本国对他们产生的焦虑需要发泄。这季度赚的💰会是非常美丽数字。而且这也算是一种投名状，表现自己态度非常低下。（复制一位老哥的）
几年下来氪了小几万了，知道吗现实这个价格你可以玩到不少真的兔女郎，而我用这钱在游戏里给外国人养了兔女郎。所谓神州仙人，在人家眼里一样是个卖肉的兔女郎罢了。你心中的女神，在洋人的眼里，就是只鸡罢了。这种跳脸级别的侮辱，可能那些觉得能接受的玩家是我国最后一批太监吧？（复制的）",2021-04-03 02:03:02
167497476,卓_不凡,37,5,"——————————————————————
[呲牙]🐏🐏🐏🐏🐏🐏🐏🐏🐏🐏🐏🐏[呲牙] 
[呲牙]🐏🍍🍍🍍🍍🍍🍍🍍🍍🍍🍍🐏[呲牙]
[呲牙]🐏🍍  崩坏  👯👯👯 3rd     🍍🐏[呲牙]  
[呲牙]🐏🍍国际版👯👯👯三周年 🍍🐏[呲牙]
[呲牙]🐏🍍🍍🍍🍍🍍🍍🍍🍍🍍🍍🐏[呲牙]",2021-04-05 23:08:13
362841594,平凡的流浪者,94,5,请问舰长去哪里了，国际服可以不提，但舰长呢？呆鹅剧情可以说不认识或不熟，迷迭可以说出去了，这次呢，这次又去干嘛了？你要边缘化舰长就直说，别整天当谜语人,2021-03-28 19:56:32
404602310,起名超男,45,4,"特日日生日快乐！[崩坏3_干杯]
但是你家ch要爬的",2021-03-28 19:01:40
24593792,夜羽寒枭,40,5,"检索中………项目《天穹市偶像那些事儿》[脱单doge][脱单doge][脱单doge]
［高级机密］：
姓名：德丽莎
代号：——
年龄：［数据删除］
尝试恢复年龄数据………恢复失败………再次尝试恢复，恢复成功，年龄数据为：（         ）

（脑后一记重击）
眼前一黑，为啥有犹大和核基红龙拍过来………[崩坏3_路过][崩坏3_路过][崩坏3_路过]",2021-03-28 19:07:25
496188810,没有选空的痛苦派蒙,75,4,"呜呜，错的都是我们这些部分国服玩家，错就错在我们玻璃心，我们严于绿已，呜呜米大人怎么会犯错呢？毕竟米大人管不到国际服呢！
我在此仅代表我自已向985运营倒歉，都是我的错[星星眼]",2021-03-29 12:36:52
15620269,尘染枫丶,42,5,盲猜一波，是不是崩三ch看原神团队赚太多导致的心理不平衡，所以作了好几个版本，想搞凉崩崩崩好换组？,2021-03-28 21:45:23
41745539,苍天之捷特,92,5,"U1S1，外服视频我看了，一股子同人MMD的味道。试想一下，国内运营的外国游戏，拿别人角色做这么一出，肯定都骂运营NC。怎么一到外国就变味了。说真的，看完我满脑子的外国人真没下线。我日本手游也玩过几个，真没见过这么干的。合着别人家的角色就能随便糟蹋吗。
你国服运营也别装死，你要知道自己是国产游戏，你最大的用户永远是国人，别为了一点既得利益就失去更多东西。[微笑]如果这波真是外服自作主张瞎搞的，请在日后给出制裁。别恶心自己人好吗。",2021-03-28 19:48:02
38217559,栀子花酱-,76,5,好家伙，国际服那个兔女郎咱就不提了，碧蓝那边也有，就那剧情，那台词，你搬过来，我tm第一个冲死你，什么破东西。,2021-03-28 20:23:41
436124771,戮剑仙,91,5,没人喷不是游戏环境变好了，而是老玩家都喷累了，留下来的都是无欲无求的咸鱼，且玩且珍惜吧[翻白眼],2021-03-28 19:08:38
17892100,海泛映天的蓝,32,5,"借楼借力
（复制他人，接着删，不断完善）
https://b23.tv/YVWjnq 冷处理https://b23.tv/pOr6p0 😅https://b23.tv/Lqnf1g
https://b23.tv/fJh8Ux😅
看看吧这就是崩坏三外服的狂欢
这波啊 什么国内不过审 国外自己搞 全破了 当场护甲穿透
https://b23.tv/hlaIVR
美汁汁
米卫兵(护米哈游的来一个④一个）
舰长这边请https://b23.tv/J4m8P3（已被删除）崩坏3是唯一一边卖玩家角色婚纱，一边让角色出去当兔女郎卖肉，同时还维持着高冷百合人设的游戏，我愿称之为二次元新约——后宫、lv nu、百合三位一体，前无古人后无来者的绝世神作。
（复制）
热知识:外包工作室之一的木子岚删除了崩崩崩相关的微博？好像是不想让大伙知道MV其实是在国内做的原来是自己人啊
兔女郎服在西方文化圈是有很深的暗示色彩，除了性以外，还有地位低，比中国的洗头小妹都低，因为她们是免费的，还有一些他们才懂得梗，这些都是国内的人都不清楚的。利用这些信息差塑造出来的优越感刺激非常大，再加上这两年本国对他们产生的焦虑需要发泄。这季度赚的💰会是非常美丽数字。而且这也算是一种投名状，表现自己态度非常低下。（复制一位老哥的）
几年下来氪了小几万了，知道吗现实这个价格你可以玩到不少真的兔女郎，而我用这钱在游戏里给外国人养了兔女郎。所谓神州仙人，在人家眼里一样是个卖肉的兔女郎罢了。你心中的女神，在洋人的眼里，就是只鸡罢了。这种跳脸级别的侮辱，可能那些觉得能接受的玩家是我国最后一批太监吧？",2021-03-31 21:04:50
173523224,全通滤波器,64,5,"黑渊白花惹怒强度党，
外服兔女郎气哭厨力党，
就这么想把崩三玩家赶去原神[霜叶-疑问]
还是真的就让我们：爱玩玩，不玩滚？[无语]
（[大哭]符华，我的唯一真仙，我的高岭之花，我才不想看到那个扭来扭去的符华呢！你以为很多玩家留下来是为了什么，还不是为了那些个性鲜明的女武神，就算不为美好而战，起码别毁人设行吗？[大哭]）",2021-03-28 19:49:06
61973294,枫枝红叶,42,5,"转载，原帖来自米游社用户空山和雲
在微信，支付宝找出具体的充值消费记录。以微信举例:
1.点击“钱包”,然后点击右上角“账单”
2.进入账单后，点击右上角右.上角“统计”
3.进入统计界面后,下拉,在“支出排行榜”内找到“miHoYo games“这一选项, 点进去就可以看见进一年来在米哈游的消费记录
4.点击每一笔记录,然后截图，截图完成后,去QQ加崩坏三官方客服,客服QQ号:800189596
加完之后,跟他要求***,然后把你的游戏id,电子邮箱,消费记录截图发给他(一定是单笔订单的截图）这时候他肯定会给你开电子fa piao,不慌,跟他要纸质的(作为消费者,根据消费者法规,我们有权利选择罚瞟形式),同时一定要说明白,每笔订单都单独开一张fa piao。
放心,米哈游不会真给你开的,如果有足够多的玩家同时要求开纸质fa piao，他真给开了能累死他
这时候不慌，直接打纳税服务热线，电话号:021-12366
然后按1-4-4即可人工服务,可能要排队耐心等等(注意,米哈游上海公司一定要打上海的区号021)
步骤二:人工服务直接投诉不给***
步骤三:提供mihoyo相关信息地址和公司全名(上海米哈游影铁科技有限公司，上海市嘉定区银翔路655号1幢11层1101室)
步骤四:等(3-10个工作日)
只要投诉人数超过一定数量国税局就会给mihoyo打电话督促罚瞟的发放
这时候我们的目的就打成了,如果真的有足够多的人参与,ch绝对会妥协,而不是像曾经那样删帖控评,置之不理。
这时候,停止施压。大功告成
重复重点:
1.定要求开纸质fa piao!2.定要打纳税服务热线!",2021-03-31 00:25:59
15635623,Special_Tune,48,6,发个兔女郎光速删评[吃瓜],2021-03-28 19:44:31
13781885,大头熏,18,5,要不向隔壁学一下邀约系统？来这个648大大滴有,2021-03-28 19:01:23
400862574,长安__IrgL,62,4,👴喜欢兔女郎给爷整一个,2021-03-28 19:31:43
401132789,Love-栀,20,4,不，我没有认错[doge],2021-03-28 19:00:56
433824366,零凛夜晔,14,4,"（很重要请看一下）我觉得这老哥的话挺有道理的，转发一下
同志们，诚如诸位所见，mhy发了新的动态，这或许意味着最终的战斗即将开始
此举已成功分散了我们的火力，大量火力已经被吸引到了新三条，短短两个小时直冲一万评
但是我们在主战场的火力已经严重不足，我们在官方发表的、唯一一个相关公告下的火力已经被严重分散了，这是mhy所乐见的
自昨夜删评以来，mhy的动向已经十分清晰了
分化，降温，回马一枪糖衣炮弹
我预计在两天之内，mhy会有下一步动作：
首先vbxz们会大举反扑——我们已被分化，刷屏战场失利
而后官方会趁机大撒好处——失利后迫不及待的回利
最后在vbxz的呼号里此事终结——我们成为跪着要饭的
同志们我要说的是，我们现在冲的不是mhy
不是兔女郎
不是🐏
我们冲的是中国玩家的脊梁之气！
解神者在进犯我们底线后我们重拳出击打跑了他们，但是这次在众人围望的情况下，mhy公然踏碎我们的底线，这意味着什么？
意味着中国——这全世界五分之一的巨大市场，不过是一群一回紧二回松的【】！！
我们这一次打的不是mhy，是要打所有试图进犯我们底线的僭越者！！
打得一拳开，免得百拳来！！！
我们这一次，不止要得利，我们必须要完全胜利！
我们要打得mhy跪下，我们要打得mhy听话！！
我们这一次要打出！所有中国玩家的应得权益！！
我们要打到！！
中国游戏市场！
听！
中国玩家的话！！！
【砖】。",2021-04-08 21:18:20
205575,Ark·白煌,29,6,"不闻两耳登舰声，唯闻板鸭独叹息，美女舞动舰长泪，🐏人欢乐过周年。
国服出货总是沉，件件保底若失魂，外服自选人上人！还有饭盒来相赠！更是加赠水晶返！概率又是一层高！
今年洋装兔女郎，明年带你去开房，还要带你登dua郎！
大伟常说为爱氪，游戏此番何作乐？国人氪金无福利，金钱全给外人福！昨日一去不复回！",2021-03-30 13:23:55
156545470,文学系初染,18,5,看到这个就想到天穹剧情里布朗尼学德丽莎说话[喜极而泣],2021-03-28 19:02:09
99048353,神里綾华,19,5,经典腹泻式动态分散火力[抠鼻],2021-03-28 19:25:07
10274180,墨羲_,10,5,袜子错了，游戏里是连裤袜，西内！[崩坏3_生气],2021-03-28 21:28:10
222303783,_阳炎_,25,4,看着玩家流失越来越大，然而ch依旧整活[嗑瓜子]继续，看看隔壁蹦蹦的福利我就等你之后也十连半价[妙啊],2021-03-28 19:41:40
296470189,雨淋湿了记忆-,12,5,原来芽衣那个皮肤就很不喜欢了。。。单纯涩而已，旗袍什么的不比那皮强，还有上仙，你人设呐！？,2021-03-28 20:08:00
333869025,泷泽_萝拉哒,20,4,"我一直把崩坏三当成养成游戏来玩，强度怎么样我不太在乎，大家说的强度骗氪什么的我都是睁一只眼闭一只眼，直到我看到了外服的兔女郎我终于绷不住了，国内外任何的强度氪度差别我都可以接受，这次我真的太失望了，四年多的人设毁于一旦，真恶心，真的太恶心了。
删了我还发",2021-03-30 21:57:56
89028195,疯嘤铠甲,23,5,"如何评价国际服兔女郎pv
如何评价女角色卖sao
如何评价因为不同服务器而为所欲为
😅",2021-03-29 02:10:25
385018300,欧洲女神11世,29,5,哇，怎么不去和🐏大人玩了怎么开始发动态了[脱单doge],2021-03-28 20:34:02
473028677,lbkingz,8,3,"我发现有的同志看到这两日的流水就开始自暴自弃，这是错误的。 我们以苹果端为例 【事件未爆发，极小部分玩家得知事件】 25天（3月1日至25日）内总流水约为100w 【事件爆发前期，小部分玩家得知并传播开来】 新版本开始 当天3月26日当天流水约为22.7w 5天（3月26至4月1）总流水约为111w，日均为15.8w 【事件彻底爆发，9成玩家得知事件】 呆鹅花嫁开始 当日流水为19.7w，低于新版本初期 我们来对比一下其他的花嫁 20年9月27日符华花嫁上线 当日流水约为44w 五日内（27日到1日）总计为141.4w 19年9月27日丽塔花嫁上线 当日流水并不高，为22.6w，第二天为40w 五日内（27日至1日）总计123.1w 对比前两次的花嫁，这次的流水有这显著的流失。
诸君不要气馁，事实已经证明我们的抵制有效，这场持久战，我们已经先赢一小把了",2021-04-05 21:11:29
387469877,我在冬天买半袖,8,5,《关于你的崩坏3老婆在🐑舰长年前扮兔女郎赚钱还债这件事》,2021-04-02 18:56:31
17047387,等待夏日的风帆,20,6,"ch:不要紧的，只要我们发个角色生日动态，玩家就不会冲的，就算冲了也会有玩家厨来护着说不要在生日动态下冲ch
      
有的时候你觉得你是为自己老婆说话，其实你可能只是为ch说话。",2021-03-28 20:35:21
73790327,_茕影,20,4,被潜规则的偶像，怪不得身份不能暴露呢,2021-03-31 22:28:50
34463556,-余生请指教,15,5,"国内高冷百合，国外电子**，崩坏三，你好伟大😭😭😭
我真的...我真的....要哭死了😭，他怎么可以这么恶心人啊国内高冷百合，国外电子**，崩坏三，你好伟大😭😭😭
我真的...我真的....要哭死了😭，他怎么可以这么恶心人啊国内高冷百合，国外电子**，崩坏三，你好伟大😭😭😭
我真的...我真的....要哭死了😭，他怎么可以这么恶心人啊国内高冷百合，国外电子**，崩坏三，你好伟大😭😭😭
我真的...我真的....要哭死了😭，他怎么可以这么恶心人啊",2021-03-29 10:54:24
328318729,达利园葡萄果冻,6,5,"德丽莎院长生日快乐
ch爬",2021-03-28 19:10:50
11944389,变成猫的夏目漱石,8,5,我觉得评论里该不会有请的水军吧,2021-03-29 01:00:33
246664802,难越千霜,8,5,这个皮肤明明是连裤袜，为什么立绘却是大腿袜？,2021-03-28 19:00:42
393352753,Vlad胡桃泽,13,5,鬼！,2021-03-28 19:00:15
29175629,假面骑士聂普迪努,7,6,这个大姨妈一看就感觉好成熟啊，有点观星的味道但是又没观星那种看透世间的超凡脱俗感,2021-03-28 20:21:26
73674638,十一三3,7,5,别在恶心我了，我自己爬👍,2021-03-28 20:10:28
452231428,海的圣光,7,4,"⠀⠀ ⠀⡤⡒⠉⠉⠉⠉ ⠒⢤
⠀ ⡰⠁⠀⠈⢦⣀⡀⠀⠀⠀ ⠈⢆
 ⣰⠀⠀⣀⠀⠀⠀⠀⠀⠀⠛⠛⠁ ⣆
⡇⠀⠀⠀⠉⠛⠛⠀⠀⠀⠲⠤⠶   ⢸
⡇⠀⠀⠀⠀⠀⠀⢠⠀⠀⠀⠀⠀   ⢸
 ⠹⠀⠀⠀⠀⠀⠀⢸⠉⠙⠆⠀⠀ ⠏
⠀ ⠱⡀⠀⠀⠀⠀⠉⠀⠀ ⠀⢀⠎
⠀⠀ ⠀⠓⠤⣀⣀⣀⣀⠤⠚",2021-03-28 19:02:13
15282305,AkiTamako,7,5,这绝对领域，我好了[OK],2021-03-28 19:00:48
11659089,-自闭老头子,7,5,teriri的魔力用光了，要好好休息一下才行呢[2233娘_吃惊],2021-03-28 19:01:22
45581471,饿人生,5,5,中原女郎，好玩免费。,2021-04-08 11:09:00
381465890,沉迷于某站的少年,5,5,你不该出现在这，策划，这不是你该涉足的领域,2021-03-28 21:57:03
95952741,太虚山符壮士,5,5,奥托：时间是美少女的敌人，但我们的德莉莎，没有敌人[doge][doge],2021-03-28 19:21:10
358553687,天辰-不朽,6,5,舰长这边请https://b23.tv/J4m8P3,2021-03-31 19:20:36
273272539,中二少年Fukase,4,3,".                        /´ /) 
                       /¯ ../
                     /... ./
                    /... ./
              /´¯/' ...'/´¯`.¸
          /'/.../... ./... ....--
        ('(...´(... ....... ,~/'...')
         \.......... ..... ..\/..../
           ''...\.... ..... . _..´
             \....... ..... ..(
               \..... ..... ...\
              今  日  签  到",2021-04-08 14:03:14
11110157,最爱霉霉,8,5,兔女郎咋回事？,2021-03-28 20:34:40
168882787,崩三策划他爹,3,5,"因为那些资本家没把咱们当人看，因为以前还有崩三还是美好的时候，他犯错被容忍了，就那么一次次的容忍，导致了现在他的放纵，零点酒吧，深渊大改，硬抬月魄，新年元宝，抽奖送钟，再到现在的兔女郎，说这些太麻烦了
说简单点，就是米哈游这个孙子被惯坏了，不往死里弄他，他不会长记性，我们必须用实际行动告诉他，冷处理玩家解决不了问题，他们也必须认清，谁才是他们的衣食父母",2021-04-07 19:42:12
248615992,桜落ちの街,3,5,"——————————————————————
[呲牙]🐏🐏🐏🐏🐏🐏🐏🐏🐏🐏🐏🐏[呲牙] 
[呲牙]🐏🍍🍍🍍🍍🍍🍍🍍🍍🍍🍍🐏[呲牙]
[呲牙]🐏🍍  崩坏  👯👯👯 3rd     🍍🐏[呲牙]  
[呲牙]🐏🍍国际版👯👯👯三周年 🍍🐏[呲牙]
[呲牙]🐏🍍🍍🍍🍍🍍🍍🍍🍍🍍🍍🐏[呲牙]",2021-04-06 01:41:33
15393517,夙雪一世安,3,6,"你改深渊，他们冲了，我没有说话，因为我是咸鱼，红莲升降机就够了
你改出了命之座系统推出一堆六星专属武器，他们冲了，我没有说话，因为我不追求高命，单s，圣痕够用就行
你出黑渊白花，他们冲了，我很想冲，因为那是岳母的武器对崩三玩家意义非常，原神中的塞西莉亚花大家都叫它岳母花，可见一斑，但我最后还是忍住了，因为幽兰黛尔是最强女武神或许能配得上
现在你在外服整出个兔女郎，把人设玩崩，后手就国服推出花嫁皮肤，你恶心谁呢，你看着穿婚纱，洋人看兔女郎？？？
我知道国内情况特殊，但是我不需要国内有，我只需要国外无",2021-04-05 18:16:54
159161779,秋风的低语惹人迷醉,3,5,不说出问题，mhy只会默不作声，你看着对人的态度，官方老这样，我们声讨他们只会冷处理，因为他们知道总有人会护着他们，他们只会在未来变本加厉，这事情又不是第一次了，做游戏就玩的是体验和态度，像mhy这样什么也不说，什么也不管，那如果有一天发生了什么出格，甚至是触犯底线的事情，那就晚了，mhy就真的没了，现在别抽卡，别氪金，玩家齐心协力不氪金一个月，这群家伙就乖了，咱现在的话才会被那群高高在上的人看见，玩家现在做的就是齐心协力，不知道你看没看过一个电影讲的是有好多楼层，从上往下食物会下降，一层比一层食物少最后结局挺惨的，但是如果在那个电影中没有一个人动食物呢，如果连续几天呢，这才会引起他们的重视，而不是玩家在这里窝里横,2021-04-03 23:55:09
109150074,理音韵,8,5,从星猫开始，连续逼氪四个版本，这版本直接开版本累充，生怕骗氪不够硬出黑渊白花，之后外服还能搞个赌场兔女郎，直接让女武神当婊子了你们是真牛逼,2021-03-28 20:25:36
17107109,残年哟,11,6,通过更新动态来转移火力，真不错啊，每次都是这样，每次都能成功😅,2021-03-28 19:37:56
180923096,罗德岛___可露希尔,4,5,魔法老……漂亮的美少女[滑稽],2021-03-28 19:01:48
109150074,理音韵,8,5,"ch:玩家什么态度了
他们在骂
ch:还没退坑么，联系日服，周年庆让女武神被抓去夜总会跳钢管舞
他们还能忍
ch:韩服周年庆让女武神去红灯区揽客去，这次还能忍么
他们说不是国服就不关他们的事情",2021-03-28 20:53:17
32980096,地球常客之父,2,6,"本台记者为您播报mhy最新事件
4.14日有记者向本台反应：mhy于4.2号所发布的取消与在新冠疫情期间发布了不正确言论coser合作一事，实际上并没有落实到行动中去。[微笑]
mhy于4.2号宣布终止与该coser的一切合作并下架其全部作品；但据本台了解，截止到4.12号该coser依旧活跃在mhy的平台中，其作品也并未下架。经举报后，mhy紧急下架了该coser作品但并未就此事发表回应[辣眼睛]
由于该事件中mhy的“光说不做”的行为，本次事件被米黑们称为阴阳通告事件。看来岁月的静好已经让mhy忘记脚下这片土地的沉重了。这样的mhy难道不是倒灶的体现？[大笑]
本台记者将持续关注mhy事件。“一日之计在于晨”今天的晨间新闻播送完了，祝电视机前的观众在新的一天干劲十足，大家再见[doge]转载mhy的阴阳公告(看动态转载)",2021-04-16 16:18:06
456720097,失忆956,2,4,"一群为世界上所有美好而战的女武神，去赌场当兔女郎？？？？？？？

最后一课战死的姬子阿姐——当兔女郎

胆小害羞但誓死保护姐姐的希儿——当兔女郎

作为神州形象守护神州大地的仙人符华——当兔女郎

不惜一切去守护与老师的承诺的琪亚娜——当兔女郎

愿陷入黑暗换琪亚娜回到光明的芽衣——还tm是兔女郎？",2021-04-12 12:27:40
131943423,清于子,2,5,"现在国内三大厂
猪场，鹅场和鸡场
tx:没钱玩你mb
wx:没肝玩你mb
mhy:艦長這邊請，国内仙人守护，国外赌场兔女郎。
零点酒吧，雷刀鬼角，开天剑，凰剑，炽翎，冰卡，二周年重燃，深渊，氪金神之键，落地超限，命之座，我们可都没忘呢[OK][OK][OK]",2021-04-09 17:08:13
111720273,马鞍山猛男,2,5,".                        /´ /) 
                       /¯ ../
                     /... ./
                    /... ./
              /´¯/' ...'/´¯`.¸
          /'/.../... ./... ....--
        ('(...´(... ....... ,~/'...')
         \.......... ..... ..\/..../
           ''...\.... ..... . _..´
             \....... ..... ..(
               \..... ..... ...\
              今  日  签  到",2021-04-07 08:24:01
87862941,Prince丶独白,2,4,看到每条视频下面都有人冲我就放心了[OK],2021-04-05 23:25:55
17673104,黑月下的时间,2,6,德莉莎世界第一可爱[给心心],2021-03-30 19:49:41
54376378,穆然丶林可,2,5,知道这皮肤为什么是绿色的吗？[doge][doge][doge][doge],2021-03-29 19:06:07
180938082,小七995,2,5,代号：元宝[doge],2021-03-28 19:52:01
107842739,行云乱雨,2,5,五  十  大  寿,2021-03-28 19:37:16
241571185,椰糖好吃但沾牙,10,4,本来没什么感觉，直到一分钟前看到某外服PV，抱歉，你游对我来说已经死了，再也不见,2021-03-28 20:37:17
15635623,Special_Tune,11,6,来一波国际服兔女郎还债的节奏[吃瓜],2021-03-28 19:34:16
353993130,不能让你们尝到甜头,6,4,".                        /´ /) 
                       /¯ ../
                     /... ./
                    /... ./
              /´¯/' ...'/´¯`.¸
          /'/.../... ./... ....--
        ('(...´(... ....... ,~/'...')
         \.......... ..... ..\/..../
           ''...\.... ..... . _..´
             \....... ..... ..(
               \..... ..... ...\",2021-03-29 05:56:26
2857278,无尽剑界,3,5,[吃瓜]既然把包菜给黑了，好歹把名字改成布朗尼啊,2021-03-28 19:03:13
304790420,初音灬伊卡,3,5,teriri的魔力用完了，要好好休息才行呢[doge][doge][doge],2021-03-28 19:01:10
1981748,FL-FLT,5,6,请多来点德丽莎和布朗尼之间关系的爆料，杂食党感觉好像有糖吃！[2233娘_卖萌],2021-03-28 19:10:56
39006577,微步sao,3,5,生日快乐,2021-03-28 19:00:27
28847425,qwesxcnjdjdj,7,5,所以为什么我们的老婆会在羊大人那里才会穿兔女郎跳舞，是我们不配吗,2021-03-28 19:46:42
347521281,火车眷,1,4,刚刚评论了一句：为，什，么，洋，人，服，可以，抽，3080， 耳机，手机，  就被删评了，真有你的，mhy,2021-04-30 13:45:14
97658241,商州兔,1,5,我本人不是崩坏玩家，但我觉得抵制崩坏三靠融号好像不太靠谱，你充的钱收不回来，对崩坏三来说还少了个黑子（退游还关注一个自己讨厌的游戏的人，我可不觉得有多少人），他们几乎损失不了多少，公司是为了利益，所以我建议大家不要融号，而是不要氪金，否则官方永远觉得国服玩家只是“有钱，可以欺负，欺负过了就逃”的形象，他还会为了利益再这样出对不起国服玩家的活动。,2021-04-27 09:36:15
430036097,喧弘,1,5,"尊敬的玩家：

《崩潰三》從測試開始一直受到很多玩家的支持和喜愛。一起來，感謝在遊戲世界裏一點點積累起來的溫暖和喜悅。

《崩潰三》也許還有尚未完成的目標和願望，但是大家可能都在一起玩遊戲。我們正在努力為你提供最後的遊戲運營服務，但是由於運營業務的調整，很遺憾發表了崩潰三》將於2021年04月04日04:44關閉用戶登錄和收費入口，但可以正常登入遊戲。2021年04月04日04:44關閉所有服務器，正式停止運行。

有時聚，有時離別崩潰3》向支持我們的朋友表示深深的歉意，謝謝你們的同行。在這有限的時間內，遊戲運營團隊將竭盡全力繼續運營遊戲，為滿足平臺上的遊戲體驗而竭盡全力

有關服後續補償請關注官方新聞。

尊敬するプレイヤー:

「崩壊三」はテストから多くのプレイヤーに支持され、愛されてきました。ゲームの世界で少しずつ積み重ねられてきた温もりと喜びに感謝します。

「崩壊三」はまだ完成していない目標と願望があるかもしれませんが、みんなでゲームをしているかもしれません。最後のゲーム運営サービスを提供するために努力していますが、運営業務の調整のため、残念ながら崩壊しました。2021年04月04日04時44分にすべてのサーバーを閉鎖し、正式に運行を停止しました。

時には集まり、時には別れが崩れます。応援してくれた友達に深くお詫びします。ありがとうございます。この限られた時間の中で、ゲーム運営チームは全力を尽くしてゲームを運営し、プラットフォーム上のゲーム体験を満足させるために全力を尽くします。

服の後続補償については公式ニュースに注目してください。
（米桑挑个自己看得懂的看[嗑瓜子][嗑瓜子][嗑瓜子]）",2021-04-26 16:04:20
84364938,枯生凡,1,4,"🤡🤡🤡🤡🤡🤡🤡🤡🤡🤡🤡
🤡🚧🚧🚧🚧🚧🚧🚧🚧🚧🤡
🤡🚧🐏🐏🐏🐏🐏🐏🐏🚧🤡
🤡🚧🐏🐏👯‍♀️👯‍♀️👯‍♀️🐏🐏🚧🤡
🤡🚧🐏🐏🐏🐏🐏🐏🐏🚧🤡
🤡🚧🐏🐏🐏🐏🐏🐏🐏🚧🤡
🤡🚧🚧🚧🚧🚧🚧🚧🚧🚧🤡
🤡🤡🤡🤡🤡🤡🤡🤡🤡🤡🤡",2021-04-24 23:20:40
347521281,火车眷,1,4,"某天，两个年轻人路过一个叫“米虾油”的地方
“老李，这家饭店装修不错啊”
另一个年轻人点起了支烟道“不错么，我也觉得挺不错，我是这里的常客了”
“进去吃顿饭？”
“不了，咱们的身份可没够资格进去”
“怎么说？”
“曾经，这家饭店还不怎么出名，但是老板做的菜真的很好，时间越过，老板的名气也越来越大，客人也越来越多。一段时间以后，老板的饭菜就变味了，变的一天比一天差，但并不影响我们继续在这里吃饭给老板捧场，这栋饭店装修也越来越漂亮”
“直到有一天，老板看见了一群老外，他把店门换了一下，加了点新菜式，是，他是把洋人拉近店了，但是那段时间，他却不给我们这群老主顾做生意，连店门都不让进”

“为什么？”

“谁知道呢，那个段时间我们都想着找老板讨个理，却全吃到了闭门羹”

“怎么会这样啊？那那个店门口跪着那个是谁啊？”

“那个就是老板，那群洋人吃完饭走了以后他才想起了我们这群老主顾 ，他现在跪的很惨？你应该想想他数洋钱的时候有多高兴”

“这个店门很气派吧？多少老主顾的关照才能让他一砖一瓦垒起来？当年的老主顾现在路过看一眼都怕脏了自己的眼”
“走吧，这店现在还没倒，也算晦气”（复）",2021-04-24 11:34:35
17905266,风中的低语,1,6,"百度搜的[OK]
兔女郎，英文原称是Bunny Girl，日文写作バニーガール。“兔女郎”的文化属于欧美大众文化中的激情文化， 50 多年来，“兔女郎”一直营造精英、新贵的激情空间，令情趣人士尊享独特自我的情调生活。 70 年代后，兔女郎风靡日本，头戴兔耳帽，身着泳衣，具有曼妙身姿的“兔女郎”一直热力活跃于日本影视文化、娱乐业，“兔女郎”于日本成了可爱、性感女郎的代名词。

兔女郎服在西方文化圈是有很深的暗示色彩，除了性以外，还有地位低，比中国的洗头小妹都低，因为她们是免费的，还有一些他们才懂得梗，这些都是国内的人都不清楚的。利用这些信息差塑造出来的优越感刺激非常大，再加上这两年本国对他们产生的焦虑需要发泄。这季度赚的💰会是非常美丽数字。而且这也算是一种投名状，表现自己态度非常低下。（复制一位老哥的）
几年下来氪了小几万了，知道吗现实这个价格你可以玩到不少真的兔女郎，而我用这钱在游戏里给外国人养了兔女郎。所谓神州仙人，在人家眼里一样是个卖肉的兔女郎罢了。你心中的女神，在洋人的眼里，就是只鸡罢了。这种跳脸级别的侮辱，可能那些觉得能接受的玩家是我国最后一批太监吧？（复制一位老哥的）
至于带节奏，带什么节奏，官方自己亲手把自己创造的角色糟蹋的不成样子，还逼着别人再来原谅？！！！！

外国玩家知道“兔女郎起源”！！！！知道穿兔女郎代表什么意思。米哈游让女武神穿兔女郎，角色设定全毁了。
外国玩家看到女武神第一时间不会想到《最后一课》，不会想到《天穹流星》，不会想到《班长》，他们第一时间想到的是女武神穿着衣不蔽体的兔女郎搔首弄姿，他们跟别人说崩三也会宣传这个兔女郎。人设全毁了。
角色设定再也得不到尊重，这游戏还剩下什么？
以后出角色，只会被嘲讽穿兔女郎会不会sao啊？
角色再也得不到尊重。
tm毁角色了。

欢迎转自米卫兵的米黑们转发！！！！",2021-04-24 00:56:27
20321855,Kiana琪亚娜Kaslana,1,5,"1：游戏角色人设尽毁
2：国内外玩家区别对待，态度恶劣
3：国服氪金活动接连不断，外服游戏内福利不断，比如台服圣痕自选
4：不合理修改游戏内机制，物品属性，不顾玩家感受
5：国内装死冷处理，国外推特连连发
6：我已经不要道歉，我只要你毁灭",2021-04-20 12:03:57
262324553,呵呵哒外星人,1,5,"看在德莉莎和布洛妮娅，希尔的份上，我真的不想喷你mhy，当年原神我像个mwb一样撑着你，说你没有抄袭，还给原神打了五星，春节一个电话，我又回归来肝什么破元宝，即使肝不到4万了我也没觉得什么，但你这一出又一出的，我真觉得你ch是没脑子吗，是想向tx学习吗，吸所有舰长的血，而且还是往死里吸，随便一个角色，一个版本更新，连来几个逼氪活动，你就这么要这点钱吗？
国服流水多少外服流水多少你不知道？就原神走出了国际你崩坏3在国际服流水能比得上国服？现在去讨好羊大人，你是觉得现在是大清朝还是觉得羊大人更高贵啊？你mhych是新中国成立真么多年来都站不起来吗？清明节，真心祝你全游快乐",2021-04-07 22:38:20
87976274,Jesus1111,1,4,"防止米桑看不懂简体中文，爷特意为你准备了繁体
4.2版本終極區深淵改版前–冷處理
4.4福利版本兩套聖痕被沖–冷處理
4.5金鵝專屬boss冰律被沖–冷處理
4.6陰間元寶被+活動沖–冷處理
4.7呆鵝dlc+兩套聖痕+累充–冷處理
4.7兔女郎+國際服+艦長這邊請–冷處理",2021-04-07 21:10:21
89596976,俺がお前の記憶になる,1,4,真的暴击了[微笑]在最后一课的那个版本，我拉了几个我最要好的朋友入坑这个游戏，他们之前也是玩fgo的，氪的比我还多的多，当时他们都说被崩三剧情和人物设定惊艳到了，就因为出了这破事，他们表面开玩笑实际十分难受的跑来问我“你这臭小子，为什么要害我们？”，就这句话，本就破防的我直接给搞出暴击[微笑]米哈游，你可以做个人吗？,2021-04-06 09:55:48
14223421,puppetld,1,5,"《国际外包之严于绿己》
《神舟守护之C位出道》
《冷处理之一群小鬼》
《太过含蓄观众不喜》
《兔耳运气赢得尊严》
《艦長這邊請》
《特别为舰长准备的春日舞台演唱喔》
《符华不能成为律者，但可以变成赌狗和兔女郎》
《你穿的这么含蓄,观众是不会喜欢的。多学学旁边那两个
人,她们就不错》",2021-04-05 17:47:11
195339689,羽生彼凛,1,5,".                        /´ /) 
                       /¯ ../
                     /... ./
                    /... ./
              /´¯/' ...'/´¯`.¸
          /'/.../... ./... ....--
        ('(...´(... ....... ,~/'...')
         \.......... ..... ..\/..../
           ''...\.... ..... . _..´
             \....... ..... ..(
               \..... ..... ...\
     s    吧   ，煞    笔    策   划",2021-04-04 22:37:28
24959887,世界上只有一个中国,1,5,"十问米哈游
一问米哈游的国家立场：纵容辱华言论何时休？
二问米哈游的女性立场：未成年跳艳舞为哪般？
三问米哈游的国服立场：国内态度差别因何起？
四问米哈游的态度立场：反馈至今装死缘何因？
五问米哈游的玩家立场：抽奖送钟是在嘲讽谁？
六问米哈游的诚信立场：不做玩家仇恨兑现了？
七问米哈游的道德立场：剧情涉黄涉赌为什么？
八问米哈游的双标立场：国内声优配暴露立绘？
九问米哈游的民族立场：中国角色带头跳艳舞？
十问米哈游的政治立场：推特账号屏蔽中国人？",2021-04-04 15:01:20
292931676,没名可取了--,1,4,".                        /´ /) 
                       /¯ ../
                     /... ./
                    /... ./
              /´¯/' ...'/´¯`.¸
          /'/.../... ./... ....--
        ('(...´(... ....... ,~/'...')
         \.......... ..... ..\/..../
           ''...\.... ..... . _..´
             \....... ..... ..(
               \..... ..... ...\",2021-04-04 14:09:22
25746480,肆的妙,1,5,原神玩家前来声讨支援，今天不帮崩3玩家，明天就可能轮到我们！,2021-04-03 23:36:24
301880761,冠位狂战士,1,4,偶像？不是兔女郎妈[疑惑],2021-04-03 13:33:40
301880761,冠位狂战士,1,4,"很喜欢外服网友的评论
符华炫耀了她几百年功夫的成果。（复制）",2021-04-03 13:32:44
10708449,懵萌懂动,1,5,能不能把国服关停,2021-04-03 11:34:25
194524560,猪猪家今天的冰,1,4,谢谢你教会了我不要对游戏投入感情嗷米桑，我总算是懂了推holo的mmr被背刺的感觉了,2021-04-03 03:14:14
41975852,单推我自己,1,5,兄弟们，我们不能在退了，这真的是最后一战，为什么会发生这样的事情，主要原因还是在我们，从0.98到糖再到现在，我们一次次的冲击，但是米忽悠一直就是装死加删评这种用了几年的老策略，为什么?就是因为我们每次冲了一两天后热度就降下来了，然后米忽悠随便给点补给卡给点水晶出点好看的衣服一切都当做无视发生，然后该逼氪逼氪该开池子开池子，然后流水蹭蹭蹭的往上涨，如果我们坚持下来，五天十天半个月一个月，下个视频下个动态，如果我们能坚持不氪金，对米忽悠所有骗氪逼氪手段说不!然后现在好了，所有人物人设崩塌了，上仙守护了神州五万年的仙人?她的坚守她的执着现在变成了赌鬼还穿兔女郎跳舞?这件事不是某一类玩家的事情，这是我们所有人的事情，无论你是xp党，强度党，还是咸鱼党，我们要团结起来，只要我们团结起来，对xp党来说我们会有心爱的女武神，对强度党来说强势的女武神不会那么快过气怪物不会那么阴间不会氪金都氪怪身上去，对咸鱼党来说可以咸的更舒服一点，所以团结起来把所有舰长们，这不是一个人或者一群人的事情，这是我们所有人的事情!,2021-04-03 00:16:00
675326330,我才不会翻车,1,3,《这就是那个用游戏角色出去当兔女郎的公司吗？》,2021-04-02 22:07:57
675326330,我才不会翻车,1,3,同是游戏公司，剑三一怒之下关台服，你游985献上兔女郎跳热舞，工作群里官方人员骂玩家是小鬼，究竟谁才是[微笑],2021-04-02 22:08:01
234028768,滑稽势力头目,1,5,机动战队联动中航文化，4月8日更新后，活动开启。四款战机都可以在游戏中免费获得，其中歼10战机可通过登录活动获得，枭龙、歼15、鹘鹰可通过活动商店获得，全新机体天枢（歼10机甲形态）将同步登陆游戏，届时，通关联动剧情关卡可免费获得1台，天权（歼31机甲形态）预计将不在本次联动期间上线，具体实装时间待定。,2021-04-02 08:58:32
234028768,滑稽势力头目,1,5,借楼，机动战队收留心碎玩家，女人？花瓶罢了，真上场还得看我螺旋王，流龙马，吃瘪专家剑铁也。真盖塔，魔神z，红莲螺岩，志雷马吊打一切，机甲才是男人的浪漫。[滑稽],2021-04-02 08:41:21
17892100,海泛映天的蓝,1,5,https://www.bilibili.com/read/cv10563077,2021-03-31 21:31:37
17892100,海泛映天的蓝,1,5,"复制他人，接着删，不断完善）
https://b23.tv/YVWjnq 冷处理https://b23.tv/pOr6p0 😅https://b23.tv/Lqnf1g
https://b23.tv/fJh8Ux😅
看看吧这就是崩坏三外服的狂欢
这波啊 什么国内不过审 国外自己搞 全破了 当场护甲穿透
https://b23.tv/hlaIVR
美汁汁
米卫兵(护米哈游的来一个④一个）
舰长这边请https://b23.tv/J4m8P3（已被删除）崩坏3是唯一一边卖玩家角色婚纱，一边让角色出去当兔女郎卖肉，同时还维持着高冷百合人设的游戏，我愿称之为二次元新约——后宫、lv nu、百合三位一体，前无古人后无来者的绝世神作。
（复制）
热知识:外包工作室之一的木子岚删除了崩崩崩相关的微博？好像是不想让大伙知道MV其实是在国内做的原来是自己人啊
兔女郎服在西方文化圈是有很深的暗示色彩，除了性以外，还有地位低，比中国的洗头小妹都低，因为她们是免费的，还有一些他们才懂得梗，这些都是国内的人都不清楚的。利用这些信息差塑造出来的优越感刺激非常大，再加上这两年本国对他们产生的焦虑需要发泄。这季度赚的💰会是非常美丽数字。而且这也算是一种投名状，表现自己态度非常低下。（复制一位老哥的）
几年下来氪了小几万了，知道吗现实这个价格你可以玩到不少真的兔女郎，而我用这钱在游戏里给外国人养了兔女郎。所谓神州仙人，在人家眼里一样是个卖肉的兔女郎罢了。你心中的女神，在洋人的眼里，就是只鸡罢了。这种跳脸级别的侮辱，可能那些觉得能接受的玩家是我国最后一批太监吧",2021-03-31 21:29:01
248441674,没有过牌怎么办,1,5,我们原意和你一起吃苦，原意给你氪金买单，原意60水晶原地失忆，但是你不能认为我们看不见外服的好，就看不见你喂给外服的糖，这一刀，美工打湿的炸弹还是被刀上的火点燃了。,2021-03-31 21:10:09
32199188,しょっか,1,5,"今天是兔女郎瘾发作最严重的一次， 躺在床上,拼命念ch4000+，难受的一直锤自己的双手，以为刷b站没事,看到b站都在推崩坏3的兔女郎，眼睛越来越大都要炸开了一样，拼命扇自己眼睛，越扇越用力，扇到自己眼泪流出来，真的不知道该怎么办，我真的想兔女郎想得要发疯了。我躺在床上会想兔女郎，我洗澡会想兔女郎，我出门会想兔女郎，我走路会兔女郎,我坐车会想兔女郎，我工作会想兔女郎，我玩手机会想兔女郎，我盯着路边的兔女郎看，我盯着马路对面的兔女郎看，我盯着ktv里的兔女郎看，我盯着网上的兔女郎看，我每时每刻眼睛都直直地盯着兔女郎看，像一台雷达一样扫视外服的每一个兔女郎， 我真的觉得自己像中邪了一样，我对兔女郎的念想似乎都是病态的了，我好不甘啊！真的好不甘啊！这世界上那么多兔女郎为什么不能都烧给ch。你知道吗？每到深夜，我的双手仿佛不是我的，我发病了我要疯狂舔兔女郎，我要狠狠透兔女郎，我的双手控制不住了了！兔女郎，我的兔女郎😭😭😭兔女郎，我的兔女郎😭😭😭兔女郎，我的兔女郎😭😭😭兔女郎，我的兔女郎😭😭😭兔女郎，我的兔女郎😭😭😭",2021-03-31 19:19:00
629068155,星影_忍break,1,3,哇，那ch你真是好棒棒呢，要我给你鼓个掌吗？,2021-03-30 21:15:15
367166255,暂凭杯酒释胸意,1,5,我以身体为盾，弓起背脊，为你接下种种蜚语，落地超限，暴食改版，原神开服，命座分割，钟离事件。。。。。我以为背上的血痂已经铸成坚固的甲胄，不会在被刺伤，可你却在我怀中狠狠的把我开膛破肚，米哈游你好狠的心啊！,2021-03-30 20:55:20
179775625,少本b,1,4,所以什么时候有兔女郎？,2021-03-30 17:29:33
430662943,仓鼠无处不在,1,4,根生墙内，心向墙外，根似匪菜，心向墙外。菜为黑心菜，米为烂心米。如有不舍，蛀服明白？永退此游，才是明白。@崩坏三第一偶像爱酱,2021-03-30 10:41:01
23255053,养鸡场特供,1,6,".                        /´ /) 
                       /¯ ../
                     /... ./
                    /... ./
              /´¯/' ...'/´¯`.¸
          /'/.../... ./... ....--
        ('(...´(... ....... ,~/'...')
         \.......... ..... ..\/..../
           ''...\.... ..... . _..´
             \....... ..... ..(
               \..... ..... ...\
     死    吧   ，煞    笔    策   划",2021-03-30 00:14:40
316337143,RedHeresyVv,1,5,"德丽莎世界第一可爱
.                        /´ /) 
                       /¯ ../
                     /... ./
                    /... ./
              /´¯/' ...'/´¯`.¸
          /'/.../... ./... ....--
        ('(...´(... ....... ,~/'...')
         \.......... ..... ..\/..../
           ''...\.... ..... . _..´
             \....... ..... ..(
               \..... ..... ...\
     死    吧   ，煞    笔    策   划",2021-03-30 00:08:53
85320935,譞影易,1,5,差不多得了  米哈游  爷都懒的说你  这游戏盛世如你所愿  蒸蒸日上,2021-03-29 10:01:32
23075322,花林--,1,5,啊,2021-03-29 01:36:25
32970295,無聲喧嘩,1,5,魔法大妈[崩坏3_吃惊],2021-03-28 23:22:09
603680494,零号ll雷霆,1,3,代号：马猴烧酒。武器；犹大。装备；魔法少女演出服。园长生日快乐！[打call],2021-03-28 22:19:01
124769039,木木的影子233号,1,5,这个图片里的德丽莎丝袜到大腿，游戏里可是裤袜呀[热词系列_锤],2021-03-28 21:42:14
184436391,你也追猩吗,1,4,武器:和璞鸢x3[doge],2021-03-28 21:21:05
44729502,就是觉得有点冷,1,5,她只是个588个月的小孩啊！！[doge],2021-03-28 21:00:16
23716821,洛玄玖笙,1,6,就凭这个猫猫嘴ω这个皮肤我爱了[给心心],2021-03-28 20:51:46
33575605,永和癸丑-岁在九年,1,5,为什么现在的剧情设定我看不懂呢？德丽莎什么时候……？这个布朗尼又是怎么回事？（一年多没玩了，勿喷）,2021-03-28 20:36:01
29491363,ロキシー様,1,5,teriri老婆！！[崩坏3_干杯],2021-03-28 20:16:31
427620197,龙门裴某,1,4,虽然来晚了但是ch爪巴,2021-03-28 20:07:11
1159190716,-hanpi-,1,3,这是德丽莎吗？不是，这也不像啊,2021-03-28 19:42:44
232685122,永远单推花丸晴琉,1,5,[干物妹！小埋_无语][干物妹！小埋_无语][干物妹！小埋_无语],2021-03-28 19:27:04
13332453,梅丽QuQ,1,5,在？为甚么不写年龄？[doge],2021-03-28 19:23:49
237578108,忆往i昔,1,5,魔法少女特日日~抓到你了~[崩坏3_魔法少女],2021-03-28 19:18:31
6952593,路过の观众,1,6,在?什么时候开老玩家减负?[doge],2021-03-28 19:11:04
453804903,怀星_,1,4,这里是合法炼铜哦[doge],2021-03-28 19:09:22
155650385,我老婆时崎狂三--,1,5,鬼！！！！！！！！！！！！！！！,2021-03-28 19:03:57
360556991,何上尉,1,5,？？,2021-03-28 19:00:43
14866765,网切,2,6,看着你们骂吧，就算策划改了我也不是很想玩崩三了[鼓掌]从开服前一万玩家玩到原神出后俩月不咋玩了，这版本我都没更新了[妙啊],2021-03-28 19:14:46
146738490,时叶zetax,2,5,如何评价我老婆和她爷爷学坏了（喜欢戴绿帽[脱单doge]），我明明只喜欢她一个[傲娇],2021-03-28 19:08:07
434048842,往生堂堂主草履虫,2,5,德丽莎大人还是那么可爱那么迷人那么……啊抱歉我变态了[脱单doge]生日快乐！,2021-03-28 19:03:48
23900780,步若,2,5,康康明天有多少人氪凭证[doge],2021-03-28 19:03:57
11974956,清风丶远远,2,6,长发德丽莎,2021-03-28 19:02:17
347384809,-请不要忘记,2,5,能不能把这个特日日单独发出来当壁纸,2021-03-28 19:01:11
19102542,消逝の夜翎,4,5,一天五条动态，四条拿角色挡枪，恁是哪里来的贵物，能不能赶紧死啊？😅,2021-03-28 20:03:32
149188141,跟我一起去吃烤肉-,3,5,懒得骂了，耗子尾汁[抱拳],2021-03-28 19:01:44
391945589,雪乃的雪莱,5,5,爷退游了，取关了，屏蔽了[无语],2021-03-28 19:14:36
342816462,水银龟,4,5,故事线越来越离谱了[生气],2021-03-28 19:00:52
391267466,熊猫一般路过,2,5,呜呜呜~TIRIRI的魔力耗完啦~要好好休息才行呢~[吃瓜],2021-03-28 19:40:16
341857989,浆糊嘤嘤嘤嘤嘤嘤,2,5,爬,2021-03-28 19:00:29
26632372,站在山坡吃草,3,5,".                        /´ /) 
                       /¯ ../
                     /... ./
                    /... ./
              /´¯/' ...'/´¯`.¸
          /'/.../... ./... ....--
        ('(...´(... ....... ,~/'...')
         \.......... ..... ..\/..../
           ''...\.... ..... . _..´
             \....... ..... ..(
               \..... ..... ...\",2021-03-29 19:33:57
380501434,某科学の初音酱,3,5,止氪弃坑，新ch滚,2021-03-28 21:50:29
54000301,助人为乐的绅士,3,5,栽种  谁是die都搞不懂嘛  你恶心谁呢   别拿举报说事  要不出都不出  要出都出  你整这是不拿国服玩家当玩家？  提款机是吧  啊？,2021-03-28 20:42:51
345909880,死亡鸡鸣,3,5,通过更新动态来转移火力，真不错啊，每次都是这样，每次都能成功😅,2021-03-28 20:57:08
309340763,弱音美若天仙,1,3,"就在各位冲的时候，国际服因为油管10w播放量，送了班长兔女郎挂件。
已经嘲讽拉满了，还要自欺欺人吗？岁月静好们？节奏太多
1：国外三周年活动文案剧情烂得不能看，人设全崩
2：国内上一个短篇是符华回归感动，去了外服就是符华c位兔女郎热舞（而且送了班长兔女郎挂件）
3.5：希儿，未满14岁的希儿，也换上兔女郎，并且这是官方干的
3：兔女郎风波没过，直接出花嫁，落差大ex
4：拉角色，同人创作挡枪，试图分化矛盾
5：pv国内参与制作，木子岚工作室，微博已投过视频，微博视频被删，工作室的善后微博也被删。（米厂提供动作和模型，木子岚参与渲染，也就是说米哈游也参与了制作）
6：国内节奏乱飞，官方表面装死，背后删评冷处理，官方管理q群管理员认为只是无味节奏，但是国外推特回复，控评集齐迅速
7：国人玩国内游戏还会被自己人和外人冷嘲热讽，倾注感情却最后被鄙视和冷落（t服玩家：最喜欢看对面韭菜玻璃心了）（外服某玩家：这是符华在展示她几百年的功夫）
8：我不喜欢什么mvb和mxz这种称呼，因为不尊重人，但是我现在发现确实有这种没有共情的人，各种嘲讽洗地
9：国际服剧情是紧跟国内春节，但是拉胯，国内没上，按理一视同仁，但是没有，国服上不了，没有通知，pv由私人搬运，并非官号，官方没有任何消息，完全可以委托国内参与pv制作方发出，因为工作室已经发过
10:我全文没有提绿这个字眼，就是mhy不公平对待国服玩家，毕竟国外推特置顶，国内只会删评，而且破防的几乎都是不怎么逛贴老玩家，但是洗地党现在就把节奏硬是往“绿”上带，用来迷惑不知情的一般玩家，败坏控诉者的印象，自己无所谓就开始冷嘲热讽
11：国内福利与国外福利不平衡，国际服小黑卡，国内概率低还各种歪，不要说什么没有保底了，他们有大保底
此条评论为转载 个人加了一些细节阐述，请扩散出去。（转自其他用户）你删了我再来[阴险]，换一个热评我来一次[阴险]",2021-04-05 11:57:54
421795436,花之暴君哒,1,3,舰长这边请https://b23.tv/J4m8P3,2021-03-31 19:38:56
33569470,甜甜圈与mm豆,1,5,我中无限月读了[妙啊]德莉莎起床辣！德莉莎起床辣！。。。。。。,2021-03-28 20:06:01
243684721,小鸟游七花ヘ,1,5,代号我觉得应该是叫强尼银手，布朗尼代号应该是v[吃瓜],2021-03-28 19:56:35
284093065,月下喵世界第一可爱,1,5,月下世界第一可爱,2021-03-28 19:51:08
34741281,林沝翾,1,5,W嘴，可爱死了[给心心],2021-03-28 19:32:54
269357945,-BAICAI-,1,5,🤡,2021-03-28 19:25:59
179135751,绯玉飞羽肥鱼,1,5,这个嘴可爱[崩坏3_吃饭团],2021-03-28 19:25:44
11278242,好耶小丑,1,6,teriri世界第一可爱(๑• . •๑),2021-03-28 19:24:57
416807202,丷空空空丷,1,4,大姨妈12岁444月生日快乐！！！想和德丽莎一起睡午觉吗[脱单doge][脱单doge],2021-03-28 19:21:33
8091501,I绫小路清隆,1,5,天穹城？天穹街！[doge],2021-03-28 19:17:23
1137155498,魔族猴子放鞭炮,1,3,我可以和魔法少女补魔吗？[滑稽],2021-03-28 19:13:51
198106556,虞伽瑞,1,5,特日日！我是你的粉丝啊！,2021-03-28 19:11:29
397380660,毛蛋鸟怪,1,4,怎麼沒年齡欄[doge],2021-03-28 19:07:58
41437835,朝汐_hz,1,5,亲爱的崩三，快分点动态给原神[囧],2021-03-28 19:02:52
246558776,纱乄_,1,5,特日日魔力用完了，爷帮忙去补魔了[脱单doge],2021-03-28 19:02:31
391209260,後-生,1,4,奥托的帽子,2021-03-28 19:03:02
89120552,-风又音理,1,5,代号：紫苑 武器：完全体犹大的誓约·瑞士军刀[doge],2021-03-28 19:02:42
19520725,别问问就是烤肉,1,5,魔法大妈teriri？嗯……没错就是我[doge],2021-03-28 19:00:41
85322989,尾随碧居结衣的变态桑,1,5,天穹城现役爱抖露,2021-03-28 19:00:52
202461694,改名也不會中獎,1,5,那么这个魔法少女有多大呢[doge],2021-03-28 19:00:45
30673706,-喧嚣之风-,1,6,鸭鸭左三圈 右三圈，头都给你薅掉,2021-03-28 19:00:40
7844471,Zy_113,1,5,武器不明？,2021-03-28 19:01:03
298054202,可莉妈妈爱你,2,5,就这？,2021-03-28 19:00:37
11287001,海绵宝宝板鸭儿,1,5,【嚼屎】,2021-03-28 19:03:53
79377446,十五不想被挤下去,1,5,星穹八分之一，可否安排，出我给你一年648,2021-03-28 19:02:50
350070612,三年不吃水豆腐,1,5,德丽傻生日快乐,2021-03-28 19:00:25
495800691,大秦昭襄王贏稷,2,4,如何评价国际服的兔女郎pv,2021-03-28 20:30:38
26073200,月光广藿,1,5,"生日剧情真就只给舰长几句台词吗[疑惑]
守了你三年就换来几句背景词可真令人感动[大哭]",2021-03-28 19:01:27
100825411,剑染青衣颜丶,1,4,"先冷处理一两个月，等有脾气的玩家全部滚了
然后发点福利来讨好新人
这不，牌坊又可以立起来了[鼓掌]
然后过个小半年，米卫兵反向洗地
魔怔人，欺负游戏公司，自绿人，帽子回扣上去
正义的米哈游高耸入云[星星眼][星星眼][星星眼]",2021-05-09 09:26:41
100876295,雾谷溪,1,5,👯棒！,2021-03-28 20:36:38
25346429,猫夜夜子,1,5,"神奇啊，我从来没看过任何人说外服的活动是ntr，倒是骂自我ntr的多成山了。
什么情况？",2021-03-28 20:30:36
11940057,Misaki萌理,1,5,听说在国外是兔女郎是真的吗 ？？？[2021拜年纪_笑],2021-03-28 19:23:35
23800016,十星STAR星,1,5,口区[吐][吐][吐][吐][吐][吐][吐],2021-03-28 19:08:58
1056625533,改名字真的可以变欧皇,1,2,我的老婆[大哭]凭什么[大哭],2021-03-28 19:16:07
396966144,氢氧华纳,1,5,哎呦，行了行了，板鸭扑倒你的时候我可没见吵吵什么[呲牙],2021-03-28 19:23:54
353446486,卯薇尔薇拉因尔,0,4,"给米哈游下最后通牒
剧情烂的要死，也信好烂的要死。贝拉和西琳才勉强没有去跳什色情舞。当然也有引响，真琪亚娜也不是和西琳相连，嘴炮拯救世界？我们玩家嘴巴和手把你骂回来了吗？没有发一条没有任何实际承诺的道歉。就这剧情？老玩家不看，
凡事有骨气的，他既使出男舰长也别回去。按照现实算，二手货。你喜欢的角色在外国干什么？色情游戏！百合党恨透了这游戏。
直播老板员工道歉并承诺关服半年到一年，修改你的烂剧情。包括你的原神剧情，开放世界剧情可是核心，你连核心都没有。这是对大家都好的建议！福利？要给随时都会给！
 过了六月份，没有直播道歉、没有关服修改你们的烂剧情。我可以告诉你，你比海岸线还要惨亿倍。你会成为游戏史上最大的笑柄，崩坏四？是不是现在又连夜改模形啊？
不是傲慢无礼吗？你们老板就为你们的傲慢负出代价。玩家又骂又求了你这么久！等你们把章节做完了在来一个虚假的直播道歉。我就要你们直播道歉。关服半年以上，好好修改剧情。包括原神。
原不原谅是大家的事！",2021-06-25 17:12:29
79959010,丽塔・洛丝薇瑟,0,5,笑死自家破事都整不明白，xz天天四处征战拐其他游戏带节奏，云黑的振振有词一点开主页动态，○Pmxz啊，那没事了[吃瓜],2021-06-13 23:41:27
11497649,emiya110,0,6,看到还有人我就满足了，反正现在退游了[呲牙],2021-05-26 02:13:53
1558281,楚寒空,0,5,今天5月23号，崩3B站评分4.3，粉丝数稍长、流水下降，原神联动似乎没有什么好的效果，今天晚上台服周年庆直播，不知道又有什么独占活动剧情，真有你的米哈游！,2021-05-23 07:59:34
347521281,火车眷,0,4,"征婚广告:
天命女武神，在国外待过一段时间，期间也有过几段不太开心的感情经历，受过一些情感_上的伤害，现在回国，在国内做女武神，找个真心的国内舰长，想要好好过日子。爱好是独自出国旅游、宠物、下午茶和跳舞。要求的话，要阳光帅气的，说话要风趣幽默，会做家务会做饭。由于以前堕过几次胎，所以打算婚后做丁克家庭。经济条件的话不做太多要求，但最少9600氵的衣服要随时都能拿出来，在我一个人出国旅游的时候能理解我，还有就是对我过去的感情经历不要太过在意，我也不想多提起。希望有条件的好舰长们快来联系我吧。😅😅😅😅",2021-05-17 22:51:55
94526433,侧边镜,0,5,"滚出我们的国家
この国から出て行け
Get out of our country",2021-05-11 19:46:10
34716081,迷于声音,0,5,"远看一条狗，近看米哈游;
阴阳两张脸，来把羊人舔;
昨夜兔女郎，今日当新娘;
即要作表子，也要立牌坊;",2021-05-08 00:44:00
135105978,御坂-20002,0,5,"好一个崩坏三，好一个米哈游。

恶心死了，你个梳着长辫子的脏东西

米哈游就是一个绑着长辫子的膝盖只能绑着绷带，才能站在中国玩家血造的金砖上参加最佳二次元提名，口上讲着，女武神是我的女儿，背地里把兔女郎送到金发褐胡子蛮夷人手里  一旁的爱酱，看着论坛上中国玩家的唾骂，会心一笑  ，彻底关停了崩坏三中国区。

把神州守护当chicken送给蛮夷，米哈游什么成分我就不多说了。",2021-05-07 22:01:43
517276,光脚丫_喝饮料,0,6,https://www.bilibili.com/video/BV1w64y1i7HY/,2021-05-07 17:33:53
34716081,迷于声音,0,5,米桑，把公司开在中国是不是让你很憋屈啊[微笑],2021-05-06 23:18:54
71099010,爱吃昆布的小夜兔,0,5,"这些问题也让我们明白,真正让舰长感到失望的是我们面对问题时的不果断,及时而平等的沟通和交流才可以有效解决问题。制作组成员已经在反思和自省,希望我们此刻的醒悟没有太晚。

我们将向全服舰长补倍200水晶(补偿将在9月30日晚21∶00通过邮件发放) ,不过补偿水晶并不是换取舰长原的筹码,只有给舰长更有趣,更丰富、更细腻、更好玩的游戏内容,真正让舰长玩得更舒心才可以让舰长重抬对崩坏3的信任。希望实际行动可以让大家感受到,我们确实一直在为了舰长的游戏体验而努力。
不忘切心,方得始终,两年以来,从开服到重燃Reburn是舰长的支持与热情让我们不断前行。我们会全力以赴,真心希望舰长可以陪崩3一起走下去!
崩坏3制作组（节选自以前的公告）
↑这屁放的也是没谁了😅😅😅",2021-05-04 19:29:51
65849626,LSWLP,0,5,一个人长大一定很不容易吧，更别说从日本跑来中国开公司，对吧米桑。[呲牙][呲牙][呲牙],2021-05-04 00:01:10
49509531,y亮丶,0,5,米大佐滚回去喝废水,2021-04-29 16:36:38
65849626,LSWLP,0,5,918特供圣痕活动，77特供圣痕活动是吧。 而且还是公历不是旧历。其心可诛啊，米哈游给爷死,2021-04-29 10:23:37
21768212,卡面来打mata川,0,5,https://b23.tv/lRlFxb,2021-04-27 21:47:59
59883743,回眸一笑沁人心,0,5,我是羊大人，MHY快来舔我脚趾头！[微笑],2021-04-27 10:02:27
432155548,油豆ovo,0,4,".                        /´ /) 
                       /¯ ../
                     /... ./
                    /... ./
              /´¯/' ...'/´¯`.¸
          /'/.../... ./... ....--
        ('(...´(... ....... ,~/'...')
         \.......... ..... ..\/..../
           ''...\.... ..... . _..´
             \....... ..... ..(
               \..... ..... ...\
吃里扒外                  崇洋媚外",2021-04-27 08:19:06
179591921,-conaka-,0,4,"哮籽除了会给其他玩家贴上标签以外还会什么.....站起来.吧....他..早就不是那个可以承载玩家期望的mhy了
                                    ——3000老哥

他会被直播间秒删，但我要让他活在所有关键点位。(转)",2021-04-26 00:33:42
357477929,念无忧-,0,5,"哮籽除了会给其他玩家贴上标签以外还会什么.....站起来.吧....他..早就不是那个可以承载玩家期望的mhy了
                                    ——3000老哥

他会被直播间秒删，但我要让他活在所有关键点位。
祝各位融号的兄弟早日脱离苦海，前程似锦",2021-04-25 22:57:06
117456636,-霸气的名字-,0,5,"我是催促崩三关服小助手
你选装死我就一↗直↘刷↗[打call]",2021-04-25 09:19:01
11999257,统一牌泡面,0,5,86老咸鱼了，开服到现在也有1680天了，充了10000多，应该也是玩的所有手游中充的最多的了，现在也没啥想说的了——不值得，看见你游现在这样还挺高兴的（融号是不可能的，服务器蛀虫当定了，顺便想看看简中服什么时候关，贵公司什么时候死)。官服uid 10059434,2021-04-24 23:44:21
16675813,第五邪神神选者,0,5,兔女郎服在西方文化圈是有很深的暗示色彩，除了性以外，还有地位低，比中国的洗头小妹都低，因为她们是免费的，还有一些他们才懂得梗，这些都是国内的人都不清楚的。利用这些信息差塑造出来的优越感刺激非常大，再加上这两年本国对他们产生的焦虑需要发泄。这季度赚的💰会是非常美丽数字。而且这也算是一种投名状，表现自己态度非常低下。（复制一位老哥的） 几年下来氪了小几万了，知道吗现实这个价格你可以玩到不少真的兔女郎，而我用这钱在游戏里给外国人养了兔女郎。所谓神州仙人，在人家眼里一样是个卖肉的兔女郎罢了。你心中的女神，在洋人的眼里，就是只鸡罢了。这种跳脸级别的侮辱，可能那些觉得能接受的玩家是我国最后一批太监吧？（复制的,2021-04-24 20:41:37
581984029,Seekingdefeat,0,3,呵呵，真有一套啊米哈游，伤了玩家的心，我们学校八人一个宿舍，而我们宿舍却是四个人，除了我以外，他们三个人都有些内向，也中一个就玩崩坏三，他其实挺玻璃心的，大概是因为刚来班里时被孤立，成为了欺负的对象，他当时一个朋友也没有，就整天回宿舍玩手机，当时我一个好朋友跟他一个宿舍，后来因为一些事他掉到我们宿舍了，我们后来也成为了朋友，当时刚来学校的时候他就是崩坏三的老玩家了，我看他玩这个还调侃他是不是晚上会做春梦，他差点跟我吵起来，他说崩三是他的信仰，我还觉得挺搞笑的，结果因为这兔女郎给他整哭了，高二的男学生哭了，说实话我似乎能体会到那么一点，我劝他退游，他什么也不说，如果这事没有个好结果，那么我会尽自己最大的努力劝身边的人不要去玩米哈游，也许我一个人的力量很小，根本不配与米哈游斗，但是话放这，这个事情要是没有一个好结果，身边的人有一个我劝一个，让他们远离米哈游，不为别的，就是不想看他们伤心，他们哭，他们努力不让眼泪掉下来的样子，你且看着我能不能做到！,2021-04-23 18:18:05
77064100,柳下扶摇琴起舞和一曲,0,5,"#(阴险)  温泉事件不记得了
挑几个记得比较清楚的吧
无限激光：官方自己正面回应过玩家是设定的玩法，被当做bug修复，然后当时玩家为了玩无限激光抽的武器至今还是玩具。
雷刀鬼角 开天剑 佐罗套 凰剑：不符合逾期（ch觉得卖太便宜了），硬改数值。
冰卡炽翎：一个版本两个s，打破惯例，当时逼氪严重，崩3当时又是上升期人多，排行榜全体改名让弃坑停氪新s滚。
夏活：文案嘲讽玩家是清洁工，只会空中劈叉，至今崩3玩家都没有摆脱这个称呼，结局以当时的文案被开而结束。
二周年重燃：凹到死的二周年，奖励少的离谱，全是代练和科技。这次二周年重燃了什么？重燃了玩家的怒火。
双坍塌：我记得好像是某个角色打boss可以利用机制双坍塌来打，不符合预期。
游骑兵十字架：当初打记忆战场冰塔最好用的武器，直接秒打点燃槽（打满后boss直接就可以去死了），妨碍到ch逼氪了，不符合预期，然后废掉。
yinyu深渊：被喷到没活出测试服，这玩意直接可以当ntr游戏玩了，当然玩家是苦主的那种。
糖：德莉莎 暴食上，因为观星可以后台辅助，导致这玩意可以放在后台掉增伤糖出来，可以叠很高，然后不符合逾期改了。
神之键：最开始的神之键全是肝物，现在？要氪金的。
大月卡黄蛋：本来是永久的，因为玩家囤积了大量各色大月卡X蛋，想换自己需要的圣痕，mhy直接毫无预兆给这东西加了个期限，不给换，开不开心？
落地超限：三倍材料才能毕业的超限武器，玩家接受的原因是“为了让老角色有更多上场机会，新武器三个版本内不会超限”，然后雷律落地超限，老角色全体退环境。
冰律：舔狗剧情，专属boss，不氪金鹅你也配打？
命之座：学原神的，逼氪产物
黑渊白花：前脚永寂up结束，六小时候测试服出黑渊白花，永寂宣告报废，顺带抽的但丁套也不再是必需品。
元宝：新年活动变成打卡上班。
送钟：清明节前夕官方号抽奖送钟，算是派送时间，刚好清明节到玩家手里，被喷到换奖品。
阴阳公告：对国内说和支持td的cos解约并下架相关视频，但是实际上是国外并没有下架，被人抓到了，才紧急下架视频。
兔女郎：毁人设，贝者场兔女郎=夜总会“公主”，而且是级别很低，大概率都不要钱的那种。
冷处理：官方群管理称玩家为“小鬼”",2021-04-23 18:03:18
17816252,群山盛夏EX,0,6,"各位，这条消息被删除了

深渊，双圣痕，落地超限，阴间元宝，黑渊白花，命之座，没说tnl不能冲，但上面这些别忘了(麻烦顶一下)还有下面的消息，冰希对血缘怪特攻，所以下个版本的深渊可能会有很多阴间血缘怪(没有我倒立洗头) ,同时 建议断氪，当然你要氪金是你的事情，流水下了ch能叫你爹

他们删什么热评我们就发什么热评(不要被带偏节奏，记得看下哪些热评没了)

(冲多了) 复盘一下

1、导火索:兔女郎事件

2、爆发点:mhy和国服玩家间的长时间矛盾，积怨

3、助燃剂一:mhy对内冷处理，对外热情洋

4、助燃剂二:对台服的不正当言论无作为5、补刀点:mhy有目的性的引导其他人员(希儿厨,角色厨) ，引发冲突以转移注意力。(转)

冲的有点累了了，有点不想冲了，但是一想到等没人去冲，官方放出点甜头并且一脸嘲讽的态度，我瞬间又有了冲的欲望

了，不道歉不罢休(这条记得加精)

跟大家说件事，关于深渊那些的评论好多都被删了，就留了兔女郎，和一些暴躁的评论所mhv在垣什么(去)重占早那此",2021-04-23 14:16:11
171655950,盛夏的碧蓝之海,0,5,扎不多德勒😅,2021-04-23 10:15:29
179365795,不懂策略的RTS玩家,0,5,cv10986621,2021-04-22 23:37:38
301342440,想来点兔叽吗,0,5,你游可能误会了什么，但凡玩过崩三的，肝都不是一般的好，冲你可比做每日省劲儿多了[doge],2021-04-22 20:18:40
11497649,emiya110,0,6,为什么崩坏3还没有凉[微笑],2021-04-22 18:24:49
68152518,机智的萌牙,0,4,剃须，然后捡到女武神,2021-04-22 17:48:18
520766,试作型咕咕,0,6,".                        /´ /) 
                       /¯ ../
                     /... ./
                    /... ./
              /´¯/' ...'/´¯`.¸
          /'/.../... ./... ....--
        ('(...´(... ....... ,~/'...')
         \.......... ..... ..\/..../
           ''...\.... ..... . _..´
             \....... ..... ..(
               \..... ..... ...\
劳烦关闭简中服，谢谢[嫌弃]",2021-04-22 13:35:43
20321855,Kiana琪亚娜Kaslana,0,5,"1：游戏角色人设尽毁
2：国内外玩家区别对待，态度恶劣
3：国服氪金活动接连不断，外服游戏内福利不断，比如台服圣痕自选
4：不合理修改游戏内机制，物品属性，不顾玩家感受
5：国内装死冷处理，国外推特连连发
6：我已经不要道歉，我只要你毁灭",2021-04-22 10:53:34
13118293,Moka清良,0,5,装了这么久的死，大家差不多冲够了对线够了，大家都累了，祝大家前程似锦，累了,2021-04-21 16:15:50
20321855,Kiana琪亚娜Kaslana,0,5,"1：游戏角色人设尽毁
2：国内外玩家区别对待，态度恶劣
3：国服氪金活动接连不断，外服游戏内福利不断，比如台服圣痕自选
4：不合理修改游戏内机制，物品属性，不顾玩家感受
5：国内装死冷处理，国外推特连连发
6：我已经不要道歉，我只要你毁灭",2021-04-21 11:06:23
353179395,初代的我,0,4,".                        /´ /) 
                       /¯ ../
                     /... ./
                    /... ./
              /´¯/' ...'/´¯`.¸
          /'/.../... ./... ....--
        ('(...´(... ....... ,~/'...')
         \.......... ..... ..\/..../
           ''...\.... ..... . _..´
             \....... ..... ..(
               \..... ..... ...\
     s    吧   ，煞    笔    策   划",2021-04-21 02:37:15
245674807,一簪华发醉秋风,0,5,"很喜欢角色编辑的一句话:
识之律者是怎样的一个角色呢？
我们（编剧）首先迅速地达成了一个共识
就是“符华不可以成为律者”
原因非常简单
就是大家很熟知的符华这个人物
她在自己的漫长的人生里面都一直与崩坏作战
数千数万年的时光她都一直在持续着抵抗崩坏
如果这样子的人物她成为了律者她被崩坏侵蚀了
那将对这个人物的基本盘造成完全不可逆的影响
然后
她成了兔女郎评论越来越少了。。。。厉害",2021-04-20 22:38:35
11497649,emiya110,0,6,大家别忘记删游,2021-04-20 12:07:53
45581471,饿人生,0,5,幸好下面不是晴去內衣 r头上贴着跳弹 下面插着滋味棒 外面穿着花嫁 后面是外服玩家在远处看着你们 拿着遥控器 按下去 你们穿着花嫁的女武神颤抖了一下 你忙着问 身体不舒服吗 然后女武神扭扭捏捏的说 没什么的[吃瓜] 摸摸你们头上的绿的发慌的帽子吧,2021-04-20 09:57:26
20321855,Kiana琪亚娜Kaslana,0,5,"1：游戏角色人设尽毁
2：国内外玩家区别对待，态度恶劣
3：国服氪金活动接连不断，外服游戏内福利不断，比如台服圣痕自选
4：不合理修改游戏内机制，物品属性，不顾玩家感受
5：国内装死冷处理，国外推特连连发
6：我已经不要道歉，我只要你毁灭",2021-04-19 22:48:47
34716081,迷于声音,0,5,米桑，白花的流水又掉了，还不快叫你的孝子保流水。[呲牙],2021-04-19 18:40:09
352693609,浩然然Y,0,5,累了的兄弟也不要放弃，哪怕只是来点个赞[热词系列_泪目],2021-04-19 13:21:52
385610777,昼夜昼,0,5,"兄弟们，新进展，我们发现米哈游阴阳通告:
之前与那个问题coser的解除合作通告不仅没发在外网上，而且通告中陈诺的下架一切相关内容也没做到，视频根本没下架！[微笑]
送我上断头台，让更多人看到好吗，赞来一个，秋梨膏[抱拳]",2021-04-19 06:20:59
53114939,昼不归,0,5,"🤡🤡🤡🤡🤡🤡🤡🤡🤡🤡🤡
🤡🚧🚧🚧🚧🚧🚧🚧🚧🚧🤡
🤡🚧🐏🐏🐏🐏🐏🐏🐏🚧🤡
🤡🚧🐏👯♀️👯♀️👯🐏🚧🤡
🤡🚧🐏🐏🐏🐏🐏🐏🐏🚧🤡
🤡🚧🐏🐏🐏🐏🐏🐏🐏🚧🤡
🤡🚧🚧🚧🚧🚧🚧🚧🚧🚧🤡
🤡🤡🤡🤡🤡🤡🤡🤡🤡🤡🤡",2021-04-19 04:44:49
20321855,Kiana琪亚娜Kaslana,0,5,"1：游戏角色人设尽毁
2：国内外玩家区别对待，态度恶劣
3：国服氪金活动接连不断，外服游戏内福利不断，比如台服圣痕自选
4：不合理修改游戏内机制，物品属性，不顾玩家感受
5：国内装死冷处理，国外推特连连发
6：我已经不要道歉，我只要你毁灭",2021-04-18 22:42:06
34716081,迷于声音,0,5,讲个官方问卷调查里面的笑话，“官方积极听取玩家的意见”[呲牙],2021-04-18 21:44:37
218337567,我会-嘤嘤嘤,0,5,爷花了三年时间花了五万养了一群鸡，恶心啊，恶心，hetui！,2021-04-17 22:43:17
20321855,Kiana琪亚娜Kaslana,0,5,"1：游戏角色人设尽毁
2：国内外玩家区别对待，态度恶劣
3：国服氪金活动接连不断，外服游戏内福利不断，比如台服圣痕自选
4：不合理修改游戏内机制，物品属性，不顾玩家感受
5：国内装死冷处理，国外推特连连发
6：我已经不要道歉，我只要你毁灭",2021-04-17 20:20:51
671437780,vsn游戏,0,2,"简单有效的办法：
断氪     卸载     断氪     卸载     断氪
卸载     断氪     卸载     断氪     卸载
断氪     卸载     断氪     卸载     断氪
卸载     断氪     卸载     断氪     卸载
断氪     卸载     断氪     卸载     断氪
卸载     断氪     卸载     断氪     卸载
算我求你们了
鸡场已经这么恶心人了",2021-04-16 09:11:50
671437780,vsn游戏,0,2,"简单有效的办法：
断氪     卸载     断氪     卸载     断氪
卸载     断氪     卸载     断氪     卸载
断氪     卸载     断氪     卸载     断氪
卸载     断氪     卸载     断氪     卸载
断氪     卸载     断氪     卸载     断氪
卸载     断氪     卸载     断氪     卸载",2021-04-16 09:03:11
11497649,emiya110,0,6,我现在只想崩坏3彻底凉,2021-04-16 02:14:18
544604644,疼完立香,0,3,"转  作为女舰长，我又来了[微笑]
兔女郎什么的我不想说什么，那是外服，可能是所谓的营销手段，我可以装作看不见（我发这条评论之前没什么，现在让我感觉非常不适，太恶心）
我就想问这个深渊连续为推新角色两期都是跟冰有关是几个意思?也许你是想测试赛博兔强度，可问题是版本刚出有多少人能毕业的，也就前排那些人吧？懂了，暗示氪金^^建议扰动再变强一点。然后在赛博兔的版本中莫名其妙塞个的  嗨 渊 white 发  又是几个意思?喜欢玩恶心的？还是工资发不出去了？
对了，那些帮米哈游说话的你不要来我这里跟我说什么佛系玩家想样怎样。要是真的佛系就给我待一边去!好好做你的佛系玩家，不要来我这里送
最后，看来我是醒悟得太晚了，我就不应该氪那快2w的水，我就应该给自己买化妆品，诶哟我真的好气啊[生气]

这是我半夜发的热评，然后某些人举报移除了， 什么成分就不用我多说了吧？
这是半夜发的热评，然后被某些人举报移除了， 什么成分就不用我多说了吧？[微笑][微笑][微笑]，看我动态什么都懂了，这条评论已经被删除多次了还有些直接被举报移除，然后还不知道从哪里请来的人↑人，搁着骂我，米哈游就这样，很棒非常好，我可太喜欢了呢😅😅😅
 哦对了，在这里提醒某些人，我寻思商家和消费者关系是平等的，怎么到你们这里就变味儿了呢？你们把米忽悠当爹，而我没有[高兴]，你们喜欢跪着去买米忽悠的产品，而我没有[高兴]。难道你们跟米忽悠是另一种关系？
    啊这，那没事了[tv_难过]",2021-04-15 18:55:23
20518306,心斬靈魂,0,5,哈哈。。矮子太矮，兔女郎都没轮上呢,2021-04-14 20:39:22
7858190,Undertaker辛艾诺赞,0,5,"你删多少我发多少
【10秒就被删，希望更多人看到】
这件事情已经破圈了，玩二次元游戏的玩家多多少少都听到这个事情。
我现在就细数一下那些不当人的行为：
（前提：我不是绿奴，没刷ntr，，那些我也反感）
1.兔女郎活动毁人设，就算是世界泡也不能这么颠倒黑白
2.国内外区别对待。国服流水高，福利差，国际服流水低，福利好，水晶多
3.国内氪金活动不断，月魄池子刚出来就放出一个深渊白花武器；台服有圣痕自选箱子
4.将台服定义为国际服。这个公告写着（崩3繁中服），但是在国外并没有这几个字
5.曾与发表“武×肺×”的coser多次合作，去年合作今年才发表停止合作声明
6.木子岚工作室的关于参与兔女郎活动视频的解释（该工作室其实只负责一小部分），因为“不可抗力因素”删除
7.国外兔女郎热舞，国内花嫁，反差极大（别跟我提什么桃源恋歌，二创怎么样都是作者的事，这个可是官方亲自下场）
8.一直冷处理，不回应玩家声明，官方QQ群骂带节奏的人是“小鬼”“云玩家”“智商有问题”，在国外推特上与国外玩家互动得很热情（这次其实很多冲的人都是老舰长）
9.连续多个阴间版本，都是而且都是冷处理
4.2版本终极区深渊改版前–冷处理
4.4福利版本两套圣痕被冲–冷处理
4.5金鹅专属boss冰律被冲–冷处理
4.6阴间元宝被+活动冲–冷处理
4.7呆鹅dlc+两套圣痕+累充–冷处理
4.7兔女郎+国际服+舰长这边请–冷处理
随意复制
10.国外圣痕和角色抽卡概率高
11.高强度删评控评，留下绿文，营造假象
12.推特账号没有该声明，而且屏蔽简体中文
目前就想到这么多，欢迎大家继续补充。希望大家把我顶上去，让更多的人看见。
让更多人看见米哈游恶心人的操作，让其他二次元玩家看见，避免入坑同时劝退新人！
别跟我说什么没用，能劝退一个是一个，能避免一个人入坑就是做善事了。
转自——b站用户 木槿暖夏丶紫月雪",2021-04-14 12:03:58
488064936,皇茶木,0,4,"腾讯-鹅厂
网易-猪厂
MHY-龟厂
为什么是龟厂？因为一群绿毛龟搁这里自绿呢~[给心心]
https://b23.tv/L2w9r6",2021-04-14 01:15:34
369515244,普普通通一个小伙,0,5,都魔怔了吧，在这乱冲，人家看得懂简中吗？,2021-04-12 20:19:50
303997639,四月初壹,0,5,兔女郎和道歉对我都不重要。没有你，对我很重要。,2021-04-12 11:46:47
352753970,焕天天,0,4,"我觉得这老哥的话挺有道理的，转发一下
同志们，诚如诸位所见，mhy发了新的动态，这或许意味着最终的战斗即将开始
此举已成功分散了我们的火力，大量火力已经被吸引到了新三条，短短两个小时直冲一万评
但是我们在主战场的火力已经严重不足，我们在官方发表的、唯一一个相关公告下的火力已经被严重分散了，这是mhy所乐见的
自昨夜删评以来，mhy的动向已经十分清晰了
分化，降温，回马一枪糖衣炮弹
我预计在两天之内，mhy会有下一步动作：
首先vbxz们会大举反扑——我们已被分化，刷屏战场失利
而后官方会趁机大撒好处——失利后迫不及待的回利
最后在vbxz的呼号里此事终结——我们成为跪着要饭的
同志们我要说的是，我们现在冲的不是mhy
不是兔女郎
不是🐏
我们冲的是中国玩家的脊梁之气！
解神者在进犯我们底线后我们重拳出击打跑了他们，但是这次在众人围望的情况下，mhy公然踏碎我们的底线，这意味着什么？
意味着中国——这全世界五分之一的巨大市场，不过是一群一回紧二回松的【】！！
我们这一次打的不是mhy，是要打所有试图进犯我们底线的僭越者！！
打得一拳开，免得百拳来！！！
我们这一次，不止要得利，我们必须要完全胜利！
我们要打得mhy跪下，我们要打得mhy听话！！
我们这一次要打出！所有中国玩家的应得权益！！
我们要打到！！
中国游戏市场！
听！
中国玩家的话！！！",2021-04-12 00:42:37
33317753,这鹤鲤嘛,0,6,"23章剧情简介：
被人忽视，不被重视的年轻人们，他们在崩坏的阵阵念叨，洗脑中，变成了千人律者，他们忍受不了被丢入垃圾堆的命运，开始暗地里进行破坏，有的甚至还在公开的扰乱社会秩序",2021-04-11 18:55:43
349175095,单推咩咩的小闪耀,0,5,"崩坏4有兔女郎吗？没有我可不玩啊
崩坏4有兔女郎吗？没有我可不玩啊
崩坏4有兔女郎吗？没有我可不玩啊
崩坏4有兔女郎吗？没有我可不玩啊
崩坏4有兔女郎吗？没有我可不玩啊
崩坏4有兔女郎吗？没有我可不玩啊
崩坏4有兔女郎吗？没有我可不玩啊
崩坏4有兔女郎吗？没有我可不玩啊
崩坏4有兔女郎吗？没有我可不玩啊
崩坏4有兔女郎吗？没有我可不玩啊
崩坏4有兔女郎吗？没有我可不玩啊
崩坏4有兔女郎吗？没有我可不玩啊
崩坏4有兔女郎吗？没有我可不玩啊
崩坏4有兔女郎吗？没有我可不玩啊
崩坏4有兔女郎吗？没有我可不玩啊
崩坏4有兔女郎吗？没有我可不玩啊",2021-04-11 15:43:29
10465500,花枫中午会饿的,0,6,"口中洋炮洋枪，
批里汩汩白浆。
进门花嫁牌坊，
外出烂裆女郎。",2021-04-11 15:18:37
385610777,昼夜昼,0,5,兄弟们，我们的流水抵制很成功，流水峰值对比其他版本低三分之一，只有春节版本的三分之一，平均流水是其他版本的60%或者50%＋，国服大概亏掉了整个国际服的营收，还能再多一些，是春节版本的三分之一，所以不要放弃，接下来米哈游必定出新角色新装甲来挽回流水，不要氪，再坚持一下，胜利必将属于我们。为了希儿，各位，就是为了希儿，不要充钱，要让它们感到痛处，它们才会改变，它们要什么，我们就不给什么，它们要什么:流水，新s的流水，有了流水，它们会更加肆无忌惮，会变本加厉，我们能做什么:不氪，当服务器蛀虫，让它们没有流水，让它们知道，国服才是它们的衣食父母，让它们知道，没了崩三国服，它们什么都不是,2021-04-11 08:39:57
19138344,samystery,0,6,"各位，传下去，这是我们的诉求：我们要求米哈游能够做出并答应以下回应:
1.决策人公开承认近期的决策失误，并做出道歉
2整改乃至关闭台服，提高国服待遇标准，不再区别对待国服玩家
3.删除外网的所谓“外服周年特供活动”（即兔女郎）的一切相关视频和内容，并对此事件向国内全体玩家出面道歉
4.对在外网恶意针对国人讨好外服玩家的行为给出合理的解释，并对国内全体玩家出面道歉。并做出像样的承诺
5.道歉声明和道歉视频上传外网，做到内外-致，不要再表面一套背后-套
6.将本该属于国服玩家的福利和国服活动实装.上线，从此不准再出现外服特供
7.不再侵害玩家的底线，积极听取玩家意见并给出反馈，而不是冷处理
8.以后在外网的一切行为不准触及国家底线,不准触及国内玩家底线，不准再出现夹带私货的行为
9.提高国内的活跃度，多与玩家互动，听取玩家意见
10.不得再出现外服比国服优先的行为。",2021-04-10 19:20:22
111720273,马鞍山猛男,0,5,"转
很喜欢米哈游官方的发言
""艦長這邊請""
""特别为舰长准备的春日舞台演唱喔""
很喜欢米哈游官群管理的一句话
“只是一群小鬼带节奏罢了。”
符华不能成为律者，但可以变成赌狗和兔女郎",2021-04-10 16:27:02
244601265,十八世纪传奇,0,5,"我想不明白为什么，你说他们就是图一乐的话
那为什么，剧情里做赌狗把休伯利安输出去的是符华
为什么，兔女郎MMD专门给符华特写
为什么，兔女郎MMD预告是符华兔女郎的剪影
为什么，刚刚满10W播放量，送的挂件是符华兔女郎
为什么这么多毁人设的事全是针对正直的班长，我们神州的仙人，我们中国的女武神啊[疑惑]
还有就是这次国际服声优祝贺，日本CV旁边全是正常服饰贴图，中国的CV小姐姐们旁边的贴图全是大尺度暴露的兔女郎。
这全是巧合？米哈游细节都拉满了还不准别人质疑吧？
你说他们图一乐，为啥明明有那么多乐子可以找，他们找的乐子偏偏全在踩我们的雷啊？[疑惑]",2021-04-10 15:51:06
111720273,马鞍山猛男,0,5,".                        /´ /) 
                       /¯ ../
                     /... ./
                    /... ./
              /´¯/' ...'/´¯`.¸
          /'/.../... ./... ....--
        ('(...´(... ....... ,~/'...')
         \.......... ..... ..\/..../
           ''...\.... ..... . _..´
             \....... ..... ..(
               \..... ..... ...\
              今  日  签  到",2021-04-10 08:13:30
488064936,皇茶木,0,4,"腾讯-鹅厂
网易-猪厂
MHY-龟厂
为什么是龟厂？因为一群绿毛龟搁这里自绿呢~[给心心]
https://b23.tv/L2w9r6",2021-04-10 03:08:17
488064936,皇茶木,0,4,"腾讯-鹅厂
网易-猪厂
MHY-龟厂
为什么是龟厂？因为一群绿毛龟搁这里自绿呢~[给心心]
https://b23.tv/L2w9r6",2021-04-10 02:23:45
444532645,只剩余心,0,3,BV1wi4y1A7h7,2021-04-10 01:49:47
49823660,絡弘,0,5,爬[微笑],2021-04-10 00:25:50
111720273,马鞍山猛男,0,5,".                        /´ /) 
                       /¯ ../
                     /... ./
                    /... ./
              /´¯/' ...'/´¯`.¸
          /'/.../... ./... ....--
        ('(...´(... ....... ,~/'...')
         \.......... ..... ..\/..../
           ''...\.... ..... . _..´
             \....... ..... ..(
               \..... ..... ...\
              下  班  打  卡",2021-04-10 00:04:14
37434476,蓝白shadow,0,5,"米桑，因為你看不懂簡體，我專門轉成了繁體😅
4.2版本終極區深淵改版前–冷處理
4.4福利版本兩套聖痕被沖–冷處理
4.5金鵝專屬boss冰律被沖–冷處理
4.6陰間元寶被+活動沖–冷處理
4.7呆鵝dlc+兩套聖痕+累充–冷處理
4.7兔女郎+國際服+艦長這邊請–冷處理",2021-04-09 15:22:10
357210831,尘山人,0,5,新瓜，做兔女郎方案的策划一年前就辞职了[吃瓜]这波只是方案重启，还冲ch，ch人早跑。对mhy来说大家只是在骂一个不存在的人，根本无关紧要[微笑],2021-04-09 14:46:13
303997639,四月初壹,0,5,"兄弟们，这应该是一项长期斗争了，不要急，
这次不能让米哈游再冷处理过去了，也许这件事热度会下去，但只要米哈游一天不正面回复，相关的评论我会一直发下去，希望到时候你们不会嫌烦，抱歉
不要一直住在这里，建议是早上起来骂一句，上英语课每背完二十个四级单词来骂一句。上高数课卡思路了来骂一句。上制图课ug不会画了来骂一句，上思修课太闲了来骂多几句。弄演讲稿累了来骂一句，晚上lol输了来骂一句，睡觉前骂一句。总之是没事来一句，一直在，激情容易耗完，这会是一场持久战的。",2021-04-09 11:00:49
111720273,马鞍山猛男,0,5,".                        /´ /) 
                       /¯ ../
                     /... ./
                    /... ./
              /´¯/' ...'/´¯`.¸
          /'/.../... ./... ....--
        ('(...´(... ....... ,~/'...')
         \.......... ..... ..\/..../
           ''...\.... ..... . _..´
             \....... ..... ..(
               \..... ..... ...\
              今  日  签  到",2021-04-09 08:45:14
36172444,嘉心糖与灰流うらら,0,5,《让策划飞》正在崩三评论区热映。可惜策划没有马，不然就是《让策划和他的彪子马一起飞》,2021-04-09 08:18:54
444532645,只剩余心,0,3,https://b23.tv/zaHEbr,2021-04-09 01:43:04
457441456,szvo,0,4,".                        /´ /) 
                       /¯ ../
                     /... ./
                    /... ./
              /´¯/' ...'/´¯`.¸
          /'/.../... ./... ....--
        ('(...´(... ....... ,~/'...')
         \.......... ..... ..\/..../
           ''...\.... ..... . _..´
             \....... ..... ..(
               \..... ..... ...\
     那啥，啥时候关闭简中服务器[OK]",2021-04-09 00:13:22
18132568,无丝竹之乱耳兮,0,5,"喜欢举报喜欢删评是吧
在外花枝乱颤回家垮起个砒脸是吧？
神州大地的守护者不可以变成律者， 
但是能穿成兔女郎取悦烊带人是吧？
壮烈牺牲的姬子也出来扭屁股是吧？
未成年的希尔也跟着一块来卖是吧？
烧鹅玩尽兴了就回来找人接盘是吧？
琪亚娜和芽衣主角的脸不要了是吧？
用兔耳和运气赢回尊严和未来是吧？
还说为世界上所有的美好而战是吧？
差不多得了，鳮厂😅😅😅😅😅   加油删我慢慢复制",2021-04-08 23:51:13
43860396,楽咲,0,5,继续装死是吧😅真就一句话都不打算说是吧😅我看你们还能继续恶心到什么时候😅为什么冲你心里没点逼数吗😅老子看见活动代币四位数起换就ptsd了，希望下个版本活动商店继续保持[再见]好好的反馈和沟通你们听不进去，非要我们玩家yygq你们才肯看一眼是吗[呲牙],2021-04-08 22:09:20
41775623,恶意沸沸,0,5,1：游戏角色人设尽毁 2：国内外玩家区别对待，态度恶劣 3：国服氪金活动接连不断，外服游戏内福利不断，比如台服圣痕自选 4：不合理修改游戏内机制，物品属性，不顾玩家感受 5：国内装死冷处理，国外推特连连发 6：我已经不要道歉，我只要你毁灭【/cp】,2021-04-08 20:26:06
447756237,AssWeCanshit,0,5,"ミさんを防ぐために、簡体字中国語が読めません。湖南省にある地名わざわざあなたのために日本語を用意しました。

4.2バージョンの最終区深淵改版前–冷処理

4.4福祉バージョンの2つのセットの聖痕が流されます。冷処理です。

4.5金ガチョウの専用ボスアイスが流されます。寒いです。

4.6陰間の元宝は＋活動によって流されます。冷処理です。

4.7ガチョウdlc+二セットの聖痕+疲れた充填–冷たい処理

4.7バニーガール+国際服+艦長こちらへどうぞ。",2021-04-08 20:12:54
13483552,巨龟岩台号数据终砖,0,6,"如果你不愿意走在前面，请你跟着队伍；
如果你不愿意跟着队伍走，请你在路边围观；
如果你不愿意在路边围观，请你在网上呐喊；
如果你这些都做不到，请默默闭上你的眼，坐下来享受我们为你争取来的权利；
如果你这都做不到，请你收起你的嘲讽跟无视的目光。
你的视而不见，让我十分忧伤；
你的冷嘲热讽，让我倍感心伤！
我们争取的也是属于你的阳光啊！千万别氪金千万别氪金千万别氪金千万别氪金千万别氪金千万别氪金千万别氪金千万别氪金千万别氪金",2021-04-08 19:47:06
21571303,胡清山,0,5,mhybs,2021-04-08 18:15:53
18245838,疯颠颠的柠檬心,0,5,"🤡🤡🤡🤡🤡🤡🤡🤡🤡🤡🤡
🤡🚧🚧🚧🚧🚧🚧🚧🚧🚧🤡
🤡🚧🐏🐏🐏🐏🐏🐏🐏🚧🤡
🤡🚧🐏🐏👯‍♀️👯‍♀️👯‍♀️🐏🐏🚧🤡
🤡🚧🐏🐏🐏🐏🐏🐏🐏🚧🤡
🤡🚧🐏🐏🐏🐏🐏🐏🐏🚧🤡
🤡🚧🚧🚧🚧🚧🚧🚧🚧🚧🤡
🤡🤡🤡🤡🤡🤡🤡🤡🤡🤡🤡",2021-04-08 16:00:44
689572095,三笠是我的u,0,3,"┏━━━━━ ━━┓ 
┃███████ ┃
┃██┏━┓ ██┃
┃██┃    ┃██┃
┃██┣━┫ ██┃         清明快乐😄💧
┃██┃m┃██┃                 ╭
┃██┃h ┃██┃       ╭╯ 
┃██┃y ┃██┃           ╭  ╭╯ 
┃██┃之┃██┃   ╭╯  | ╭╯
┃██┃墓 ┃██┃        \ | /
┃██┕─┙ ██┃        \ | /
┃███████ ┃        \ | /
┃███████ ┃ 
┻━━━━━━━ ┻━━\━|━/━━━━",2021-04-08 15:25:33
689572095,三笠是我的u,0,3,".                        /´ /) 
                       /¯ ../
                     /... ./
                    /... ./
              /´¯/' ...'/´¯`.¸
          /'/.../... ./... ....--
        ('(...´(... ....... ,~/'...')
         \.......... ..... ..\/..../
           ''...\.... ..... . _..´
             \....... ..... ..(
               \..... ..... ...\
     死    吧   ，煞    笔    策   划",2021-04-08 14:51:43
689572095,三笠是我的u,0,3,"我觉得这老哥的话挺有道理的，转发一下
同志们，诚如诸位所见，mhy发了新的动态，这或许意味着最终的战斗即将开始
此举已成功分散了我们的火力，大量火力已经被吸引到了新三条，短短两个小时直冲一万评
但是我们在主战场的火力已经严重不足，我们在官方发表的、唯一一个相关公告下的火力已经被严重分散了，这是mhy所乐见的
自昨夜删评以来，mhy的动向已经十分清晰了
分化，降温，回马一枪糖衣炮弹
我预计在两天之内，mhy会有下一步动作：
首先vbxz们会大举反扑——我们已被分化，刷屏战场失利
而后官方会趁机大撒好处——失利后迫不及待的回利
最后在vbxz的呼号里此事终结——我们成为跪着要饭的
同志们我要说的是，我们现在冲的不是mhy
不是兔女郎
不是🐏
我们冲的是中国玩家的脊梁之气！
解神者在进犯我们底线后我们重拳出击打跑了他们，但是这次在众人围望的情况下，mhy公然踏碎我们的底线，这意味着什么？
意味着中国——这全世界五分之一的巨大市场，不过是一群一回紧二回松的【】！！
我们这一次打的不是mhy，是要打所有试图进犯我们底线的僭越者！！
打得一拳开，免得百拳来！！！
我们这一次，不止要得利，我们必须要完全胜利！
我们要打得mhy跪下，我们要打得mhy听话！！
我们这一次要打出！所有中国玩家的应得权益！！
我们要打到！！
中国游戏市场！
听！
中国玩家的话！！！",2021-04-08 14:50:07
642065512,_爱吃西瓜,0,3,隔壁原神来的，作为女仆厨我还是能理解，也可以感同身受你们的心情的，帮你们冲，帮你们点赞,2021-04-08 14:13:37
111720273,马鞍山猛男,0,5,"各位现在是战地记者转播前方资料
我觉得这老哥的话挺有道理的，转发一下
同志们，诚如诸位所见，mhy发了新的动态，这或许意味着最终的战斗即将开始
此举已成功分散了我们的火力，大量火力已经被吸引到了新三条，短短两个小时直冲一万评
但是我们在主战场的火力已经严重不足，我们在官方发表的、唯一一个相关公告下的火力已经被严重分散了，这是mhy所乐见的
自昨夜删评以来，mhy的动向已经十分清晰了
分化，降温，回马一枪糖衣炮弹
我预计在两天之内，mhy会有下一步动作：
首先vbxz们会大举反扑——我们已被分化，刷屏战场失利
而后官方会趁机大撒好处——失利后迫不及待的回利
最后在vbxz的呼号里此事终结——我们成为跪着要饭的
同志们我要说的是，我们现在冲的不是mhy
不是兔女郎
不是
我们冲的是中国玩家的脊梁之气！
解神者在进犯我们底线后我们重拳出击打跑了他们，但是这次在众人围望的情况下，mhy公然踏碎我们的底线，这意味着什么？
意味着中国——这全世界五分之一的巨大市场，不过是一群一回紧二回松的【】！！
我们这一次打的不是mhy，是要打所有试图进犯我们底线的僭越者！！
打得一拳开，免得百拳来！！！
我们这一次，不止要得利，我们必须要完全胜利！
我们要打得mhy跪下，我们要打得mhy听话！！
我们这一次要打出！所有中国玩家的应得权益！！
我们要打到！！
中国游戏市场！
听！
中国玩家的话！！！1(转)",2021-04-08 12:44:27
111720273,马鞍山猛男,0,5,"崩坏3是唯一一边卖玩家角色婚纱，一边让角色出去当兔女郎卖肉，同时还维持着高冷百合人设的游戏，我愿称之为二次元新约——后宫、lv nu、百合三位一体，前无古人后无来者的绝世神作。

几点声明：①我们虽然参与了最近颇有争议的某作品的动画②但我们只参与了动画的后期、合成和渲染，我们对服装造型、舞蹈动作等没有参与③感谢这次宝贵的动画制作经历，我们成长了许 多 
你还想着让人家小工作室给你 挡枪子儿

很喜欢米哈游官方的发言
""艦長這邊請""
""特别为舰长准备的春日舞台演唱喔""
很喜欢米哈游官群管理的一句话
“只是一群小鬼带节奏罢了。”
符华不能成为律者，但可以变成赌狗和兔女郎

“这些账号之下是一种思想，米哈游先生，而思想是不怕删评和封禁的。”
（复制）",2021-04-08 09:23:47
111720273,马鞍山猛男,0,5,".                        /´ /) 
                       /¯ ../
                     /... ./
                    /... ./
              /´¯/' ...'/´¯`.¸
          /'/.../... ./... ....--
        ('(...´(... ....... ,~/'...')
         \.......... ..... ..\/..../
           ''...\.... ..... . _..´
             \....... ..... ..(
               \..... ..... ...\
              今  日  签  到",2021-04-08 07:39:14
7466763,柠の夏,0,5,"这一战，不是崩坏向人类低头！
就是所有的战士全部阵亡！死士在我们的遗骸上高呼！
我们没有神之键！它们有强大的律者！
我们的战士会战死！它们的死士无穷无尽！
但我相信！人类一定会战胜崩坏！
我们或许不是第一个崩坏诞生的纪元！
但一定是最强大的纪元！转载",2021-04-08 02:37:01
3308992,MMMMESA,0,5,"[打call]让♥你♥女♥儿♥穿♥兔♥女♥郎♥去♥赌♥场♥给♥洋♥人♥跳♥舞♥好♥不♥好♥呀♥？[打call]
[打call]让♥你♥女♥儿♥穿♥兔♥女♥郎♥去♥赌♥场♥给♥洋♥人♥跳♥舞♥好♥不♥好♥呀♥？[打call]
[打call]让♥你♥女♥儿♥穿♥兔♥女♥郎♥去♥赌♥场♥给♥洋♥人♥跳♥舞♥好♥不♥好♥呀♥？[打call]",2021-04-08 02:19:37
79959010,丽塔・洛丝薇瑟,0,5,在？为什么我的华为手机无法下载崩坏3[傲娇],2021-04-08 01:23:41
73762672,Zreliea,0,5,加油！,2021-04-07 23:14:51
73762672,Zreliea,0,5,"（很重要请看一下）我觉得这老哥的话挺有道理的，转发一下
同志们，诚如诸位所见，mhy发了新的动态，这或许意味着最终的战斗即将开始
此举已成功分散了我们的火力，大量火力已经被吸引到了新三条，短短两个小时直冲一万评
但是我们在主战场的火力已经严重不足，我们在官方发表的、唯一一个相关公告下的火力已经被严重分散了，这是mhy所乐见的
自昨夜删评以来，mhy的动向已经十分清晰了
分化，降温，回马一枪糖衣炮弹
我预计在两天之内，mhy会有下一步动作：
首先vbxz们会大举反扑——我们已被分化，刷屏战场失利
而后官方会趁机大撒好处——失利后迫不及待的回利
最后在vbxz的呼号里此事终结——我们成为跪着要饭的
同志们我要说的是，我们现在冲的不是mhy
不是兔女郎
不是🐏
我们冲的是中国玩家的脊梁之气！
解神者在进犯我们底线后我们重拳出击打跑了他们，但是这次在众人围望的情况下，mhy公然踏碎我们的底线，这意味着什么？
意味着中国——这全世界五分之一的巨大市场，不过是一群一回紧二回松的【】！！
我们这一次打的不是mhy，是要打所有试图进犯我们底线的僭越者！！
打得一拳开，免得百拳来！！！
我们这一次，不止要得利，我们必须要完全胜利！
我们要打得mhy跪下，我们要打得mhy听话！！
我们这一次要打出！所有中国玩家的应得权益！！
我们要打到！！
中国游戏市场！
听！
中国玩家的话！！！
【砖】。_",2021-04-07 23:14:47
73762672,Zreliea,0,5,"（很重要请看一下）我觉得这老哥的话挺有道理的，转发一下
同志们，诚如诸位所见，mhy发了新的动态，这或许意味着最终的战斗即将开始
此举已成功分散了我们的火力，大量火力已经被吸引到了新三条，短短两个小时直冲一万评
但是我们在主战场的火力已经严重不足，我们在官方发表的、唯一一个相关公告下的火力已经被严重分散了，这是mhy所乐见的
自昨夜删评以来，mhy的动向已经十分清晰了
分化，降温，回马一枪糖衣炮弹
我预计在两天之内，mhy会有下一步动作：
首先vbxz们会大举反扑——我们已被分化，刷屏战场失利
而后官方会趁机大撒好处——失利后迫不及待的回利
最后在vbxz的呼号里此事终结——我们成为跪着要饭的
同志们我要说的是，我们现在冲的不是mhy
不是兔女郎
不是🐏
我们冲的是中国玩家的脊梁之气！
解神者在进犯我们底线后我们重拳出击打跑了他们，但是这次在众人围望的情况下，mhy公然踏碎我们的底线，这意味着什么？
意味着中国——这全世界五分之一的巨大市场，不过是一群一回紧二回松的【】！！
我们这一次打的不是mhy，是要打所有试图进犯我们底线的僭越者！！
打得一拳开，免得百拳来！！！
我们这一次，不止要得利，我们必须要完全胜利！
我们要打得mhy跪下，我们要打得mhy听话！！
我们这一次要打出！所有中国玩家的应得权益！！
我们要打到！！
中国游戏市场！
听！
中国玩家的话！！！
【砖】。",2021-04-07 23:14:35
73762672,Zreliea,0,5,"（很重要请看一下）我觉得这老哥的话挺有道理的，转发一下
同志们，诚如诸位所见，mhy发了新的动态，这或许意味着最终的战斗即将开始
此举已成功分散了我们的火力，大量火力已经被吸引到了新三条，短短两个小时直冲一万评
但是我们在主战场的火力已经严重不足，我们在官方发表的、唯一一个相关公告下的火力已经被严重分散了，这是mhy所乐见的
自昨夜删评以来，mhy的动向已经十分清晰了
分化，降温，回马一枪糖衣炮弹
我预计在两天之内，mhy会有下一步动作：
首先vbxz们会大举反扑——我们已被分化，刷屏战场失利
而后官方会趁机大撒好处——失利后迫不及待的回利
最后在vbxz的呼号里此事终结——我们成为跪着要饭的
同志们我要说的是，我们现在冲的不是mhy
不是兔女郎
不是🐏
我们冲的是中国玩家的脊梁之气！
解神者在进犯我们底线后我们重拳出击打跑了他们，但是这次在众人围望的情况下，mhy公然踏碎我们的底线，这意味着什么？
意味着中国——这全世界五分之一的巨大市场，不过是一群一回紧二回松的【】！！
我们这一次打的不是mhy，是要打所有试图进犯我们底线的僭越者！！
打得一拳开，免得百拳来！！！
我们这一次，不止要得利，我们必须要完全胜利！
我们要打得mhy跪下，我们要打得mhy听话！！
我们这一次要打出！所有中国玩家的应得权益！！
我们要打到！！
中国游戏市场！
听！
中国玩家的话！！！
【砖】。/",2021-04-07 23:14:39
282369029,休闲的英灵,0,5,支援部队已到达，其他人跟上，一起冲,2021-04-07 22:26:29
19026504,歆羡貉君,0,5,到现在官方还在装死人，对不起我只能卸载游戏了😡,2021-04-07 22:27:46
604860247,doc_xy,0,4,我摊牌了，我是水军，那个谁看到打钱。,2021-04-07 16:31:01
297242314,I桐谷,0,4,".                        /´ /) 
                       /¯ ../
                     /... ./
                    /... ./
              /´¯/' ...'/´¯`.¸
          /'/.../... ./... ....--
        ('(...´(... ....... ,~/'...')
         \.......... ..... ..\/..../
           ''...\.... ..... . _..´
             \....... ..... ..(
               \..... ..... ...\
     s    吧   ，煞    笔    策   划",2021-04-07 09:15:31
494909474,自砸招牌的战地记者,0,4,你能删到0吗[点赞]你能删到0吗[点赞]你能删到0吗[点赞]你能删到0吗[点赞]你能删到0吗[点赞]你能删到0吗[点赞],2021-04-07 08:37:09
2412461,_逆_蝶_,0,6,咸鱼舰长刚换，紫苑很喜欢，[doge],2021-04-07 01:10:39
111720273,马鞍山猛男,0,5,".                        /´ /) 
                       /¯ ../
                     /... ./
                    /... ./
              /´¯/' ...'/´¯`.¸
          /'/.../... ./... ....--
        ('(...´(... ....... ,~/'...')
         \.......... ..... ..\/..../
           ''...\.... ..... . _..´
             \....... ..... ..(
               \..... ..... ...\
              今  日  签  到",2021-04-07 00:28:12
310240343,乘凉的芦苇,0,5,"1.外服自选伤了强度党
2.国服没有唯独外服有这剧情，伤了休闲党
3.给🐏大人跳舞不给自家跳伤了真爱党和百合党
4.乱搞剧情设定，伤了剧情党",2021-04-06 21:45:41
13967802,肯忒羊我喜欢你呀,0,5,你们崩三策划结婚婚纱钱够吗？是不是公司统一安排出国当鸡赚的？,2021-04-06 21:20:03
89596976,俺がお前の記憶になる,0,4,mihoyo什么时候禁止麒麟芯片打开崩坏三啊,2021-04-06 17:30:23
44223465,Mr_随缘,0,5,"上海市网络游戏行业自律公约第二条：不制作不传播危害国家安全和社会稳定的、挑唆民族矛盾的、歪曲党史国家的，或设计低俗庸俗、色情淫秽、暴力血腥、荒诞惊悚、赌博迷信、教唆犯罪等违反法律法规的游戏内容。安排专业人对企业经营的游戏论坛、问答类社区、视频弹幕、用户注册等各环节进行日常巡查和管理，坚决抵制与中华民族优秀文化传统和道德规范相违背的信息内容，
自觉抵制各类有害信息的传播
 

那么请问，mhy你做到了几点呢？
国内外福利待遇区别待遇——挑唆国内外玩家之间的矛盾，这是不是纯心找事严重化国内外名族矛盾呢？
设计在赌场因财务原因而跳热舞的兔女郎故事情节（性暗示）——算不算设计低俗庸俗、色情淫秽、赌博？
坚决抵制与中华民族优秀文化传统和道德规范相违背的信息内容——请您明示您公司旗下产品中符华所代表的“神州守卫者”这个所谓的神州代表什么含义，为什么掺杂了大量的中国元素文化在内呢？

再来说说没做到的吧，安排专业人对企业经营的游戏论坛、问答类社区、视频弹幕、用户注册等各环节进行日常巡查和管理，这点您是否也有做到呢[微笑][微笑]",2021-04-06 15:43:45
420729436,feng灵,0,4,"这次的战争已经开始，是上一次战争的延续，是我们玩家和你们厂商的战争，没有一个结果，这次战争不可能结束。
是我们玩家的胜利，还是你们厂商的惨胜，最后还得看我们玩家的心情。
最后一次改变你们厂商的战争，究竟会带来怎样的结果，是以玩家精力耗尽，还是你们厂商的妥协。让我们拭目以待吧。",2021-04-06 14:30:47
8131295,抗压吧务团长,0,5,“现在正值中美博弈的关键紧张时刻，它把自己的角色塑造成地位极其低下的兔女郎去讨好美国人，其心可诛”,2021-04-06 14:05:21
89596976,俺がお前の記憶になる,0,4,"很喜欢国服符华画师的一句话：凤冠霞帔，封建糟粕 国际服：兔女郎没有隐喻，伟光正
很喜欢米哈游官方的发言 ""艦長這邊請"" ""特别为舰长准备的春日舞台演唱喔"" 
很喜欢米哈游官群管理的一句话 “只是一群小鬼带节奏罢了。” 
很喜欢国外网友的一句话:符华炫耀了她几百年功夫的成果。 
女武神是本土声优、本土原创角色，游戏是本国人做的，传达的主题思想是符合国情的，公司是靠国人贡献流水养活的。活动是外服限定的",2021-04-06 07:44:09
89596976,俺がお前の記憶になる,0,4,"很喜欢国服符华画师的一句话：凤冠霞帔，封建糟粕 国际服：兔女郎没有隐喻，伟光正
很喜欢米哈游官方的发言 ""艦長這邊請"" ""特别为舰长准备的春日舞台演唱喔"" 
很喜欢米哈游官群管理的一句话 “只是一群小鬼带节奏罢了。” 
很喜欢国外网友的一句话:符华炫耀了她几百年功夫的成果。 
女武神是本土声优、本土原创角色，游戏是本国人做的，传达的主题思想是符合国情的，公司是靠国人贡献流水养活的。活动是外服限定的",2021-04-06 07:03:15
90694908,空寅痕,0,5,你都跪舔洋大人了，有什么不让说的，你都把国服玩家得罪，还装死，真是有够好笑的。,2021-04-05 23:10:44
351524946,贽殿-遮那,0,5,这边评论少了这么多，ji场NB嗷[呲牙],2021-04-05 18:45:09
89596976,俺がお前の記憶になる,0,4,"我发现有的同志看到这两日的流水就开始自暴自弃，这是错误的。 我们以苹果端为例 【事件未爆发，极小部分玩家得知事件】 25天（3月1日至25日）内总流水约为100w 【事件爆发前期，小部分玩家得知并传播开来】 新版本开始 当天3月26日当天流水约为22.7w 5天（3月26至4月1）总流水约为111w，日均为15.8w 【事件彻底爆发，9成玩家得知事件】 呆鹅花嫁开始 当日流水为19.7w，低于新版本初期 我们来对比一下其他的花嫁 20年9月27日符华花嫁上线 当日流水约为44w 五日内（27日到1日）总计为141.4w 19年9月27日丽塔花嫁上线 当日流水并不高，为22.6w，第二天为40w 五日内（27日至1日）总计123.1w 对比前两次的花嫁，这次的流水有这显著的流失。
诸君不要气馁，事实已经证明我们的抵制有效，这场持久战，我们已经先赢一小把了",2021-04-05 17:23:23
73755589,妖精猫あ,0,4,"——————————————————————
[呲牙]🐏🐏🐏🐏🐏🐏🐏🐏🐏🐏🐏🐏[呲牙] 
[呲牙]🐏🍍🍍🍍🍍🍍🍍🍍🍍🍍🍍🐏[呲牙]
[呲牙]🐏🍍  崩坏  👯👯👯 3rd     🍍🐏[呲牙]  
[呲牙]🐏🍍国际版👯👯👯三周年 🍍🐏[呲牙]
[呲牙]🐏🍍🍍🍍🍍🍍🍍🍍🍍🍍🍍🐏[呲牙]",2021-04-05 13:00:03
89596976,俺がお前の記憶になる,0,4,@腾讯   爹，求您了，帮帮忙，我磕头了🙇🙇🙇🙇🙇🙇🙇🙇🙇🙇🙇🙇🙇🙇🙇🙇🙇🙇🙇🙇🙇🙇🙇🙇🙇🙇🙇🙇🙇🙇,2021-04-05 10:51:17
158289153,谁和谁呢,0,4,"就在各位冲的时候，国际服因为油管10w播放量，送了班长兔女郎挂件。
已经嘲讽拉满了，还要自欺欺人吗？岁月静好们？节奏太多
1：国外三周年活动文案剧情烂得不能看，人设全崩
2：国内上一个短篇是符华回归感动，去了外服就是符华c位兔女郎热舞（而且送了班长兔女郎挂件）
3.5：希儿，未满14岁的希儿，也换上兔女郎，并且这是官方干的
3：兔女郎风波没过，直接出花嫁，落差大ex
4：拉角色，同人创作挡枪，试图分化矛盾
5：pv国内参与制作，木子岚工作室，微博已投过视频，微博视频被删，工作室的善后微博也被删。（米厂提供动作和模型，木子岚参与渲染，也就是说米哈游也参与了制作）
6：国内节奏乱飞，官方表面装死，背后删评冷处理，官方管理q群管理员认为只是无味节奏，但是国外推特回复，控评集齐迅速
7：国人玩国内游戏还会被自己人和外人冷嘲热讽，倾注感情却最后被鄙视和冷落（t服玩家：最喜欢看对面韭菜玻璃心了）（外服某玩家：这是符华在展示她几百年的功夫）
8：我不喜欢什么mvb和mxz这种称呼，因为不尊重人，但是我现在发现确实有这种没有共情的人，各种嘲讽洗地
9：国际服剧情是紧跟国内春节，但是拉胯，国内没上，按理一视同仁，但是没有，国服上不了，没有通知，pv由私人搬运，并非官号，官方没有任何消息，完全可以委托国内参与pv制作方发出，因为工作室已经发过
10:我全文没有提绿这个字眼，就是mhy不公平对待国服玩家，毕竟国外推特置顶，国内只会删评，而且破防的几乎都是不怎么逛贴老玩家，但是洗地党现在就把节奏硬是往“绿”上带，用来迷惑不知情的一般玩家，败坏控诉者的印象，自己无所谓就开始冷嘲热讽
11：国内福利与国外福利不平衡，国际服小黑卡，国内概率低还各种歪，不要说什么没有保底了，他们有大保底
此条评论为转载 个人加了一些细节阐述，请扩散出去。（转自其他用户）你删了我再来[阴险]，换一个热评我来一次[阴险]",2021-04-05 10:02:50
24915621,守护你的眼眸,0,5,"我们要求你能够做出并答应以下回应：
1.决策人公开承认近期的决策失误，并做出道歉
2.无期限关闭繁中服（台服），大幅度降低国际服福利，大幅度提高国服福利，做到内外一致，至少不能再亏待国服玩家
3.删除外网的所谓“外服周年特供活动”的一切相关视频和内容，并对此世界向国内全体玩家出面道歉
4.对在外网恶意针对国人讨好洋人的行为给出合理的解释，并对国内全体玩家出面道歉。并做出像样的承诺
5.道歉声明和道歉视频上传外网，做到内外一致，不要再表面一套背后一套
6.将本该属于国服玩家的福利和国服活动实装上线，从此不准再出现外服特供
7.不再侵害玩家的底线，积极听取玩家意见并给出反馈，而不是冷处理
8.以后在外网的一切行为不准触及国家底线，不准触及国内玩家底线，不准再出现夹带私货的行为
9.提高国内的活跃度，多与玩家互动，降低外网的活跃度
10.不准再出现外服比国服优先的行为
（其中1、3、4、7、8以视频形式发布保存）

当然你还有一种选择：
1.关闭国服，彻底选择伺候外国玩家
[再见][再见]",2021-04-05 00:07:10
394163057,没法办了太难了,0,5,BV1S54y187Tp,2021-04-04 20:29:47
649266663,MIKE-SW,0,3,"米哈游你很喜欢玩兔女郎啊
看把你厉害的，你很棒棒哦，反正我直接删号退游，这辈子都不可能再下载你们的东西",2021-04-04 15:40:10
258782777,北牡倾寒,0,5,"——————————————————————
[呲牙]🐏🐏🐏🐏🐏🐏🐏🐏🐏🐏🐏🐏[呲牙] 
[呲牙]🐏🍍🍍🍍🍍🍍🍍🍍🍍🍍🍍🐏[呲牙]
[呲牙]🐏🍍  崩坏  👯👯👯 3rd     🍍🐏[呲牙]  
[呲牙]🐏🍍国际版👯👯👯三周年 🍍🐏[呲牙]
[呲牙]🐏🍍🍍🍍🍍🍍🍍🍍🍍🍍🍍🐏[呲牙]",2021-04-04 15:00:35
207345127,宋宇辰,0,4,送米哈游Ch去往西天极乐世界,2021-04-04 14:56:19
8128399,黑色之翼☆恶魔,0,5,mhy，真可怜，又被水军欺负了吧，你应该清楚，只有我才是你的朋友，只有我爱你啊，为什么！为什么要害怕！你的朋友只有我一个人，我对你这么好，对不起，我不该黑你，但是谁叫你是mhy，原谅我，我会把所有的爱给你，我真的爱你，刚才不该黑你，对不起，我爱你，对不起，我爱你，对不起，我爱你，对不起，我爱你，对不起，我爱你，这游戏真的好啊，但是它迟早会被ch搞死，我不忍心看到你堕落的样子，让时间停在这一刻吧，现在死掉吧为，崩坏三，求你死吧，我好残忍，米哈游，原谅我，今天原谅我犯下的错误，明天会给你更多的爱。,2021-04-04 13:01:02
371782296,风起_bili,0,3,"就在各位冲的时候，国际服因为油管10w播放量，送了班长兔女郎挂件。
已经嘲讽拉满了，还要自欺欺人吗？岁月静好们？节奏太多
1：国外三周年活动文案剧情烂得不能看，人设全崩
2：国内上一个短篇是符华回归感动，去了外服就是符华c位兔女郎热舞（而且送了班长兔女郎挂件）
3.5：希儿，未满14岁的希儿，也换上兔女郎，并且这是官方干的
3：兔女郎风波没过，直接出花嫁，落差大ex
4：拉角色，同人创作挡枪，试图分化矛盾
5：pv国内参与制作，木子岚工作室，微博已投过视频，微博视频被删，工作室的善后微博也被删。（米厂提供动作和模型，木子岚参与渲染，也就是说米哈游也参与了制作）
6：国内节奏乱飞，官方表面装死，背后删评冷处理，官方管理q群管理员认为只是无味节奏，但是国外推特回复，控评集齐迅速
7：国人玩国内游戏还会被自己人和外人冷嘲热讽，倾注感情却最后被鄙视和冷落（t服玩家：最喜欢看对面韭菜玻璃心了）（外服某玩家：这是符华在展示她几百年的功夫）
8：我不喜欢什么mvb和mxz这种称呼，因为不尊重人，但是我现在发现确实有这种没有共情的人，各种嘲讽洗地
9：国际服剧情是紧跟国内春节，但是拉胯，国内没上，按理一视同仁，但是没有，国服上不了，没有通知，pv由私人搬运，并非官号，官方没有任何消息，完全可以委托国内参与pv制作方发出，因为工作室已经发过
10:我全文没有提绿这个字眼，就是mhy不公平对待国服玩家，毕竟国外推特置顶，国内只会删评，而且破防的几乎都是不怎么逛贴老玩家，但是洗地党现在就把节奏硬是往“绿”上带，用来迷惑不知情的一般玩家，败坏控诉者的印象，自己无所谓就开始冷嘲热讽
11：国内福利与国外福利不平衡，国际服小黑卡，国内概率低还各种歪，不要说什么没有保底了，他们有大保底
此条评论为转载 个人加了一些细节阐述，请扩散出去。（转自其他用户）你删了我再来[阴险]，换一个热评我来一次[阴险]",2021-04-04 12:56:30
371782296,风起_bili,0,3,关服关服关服关服关服关服关服关服关服关服关服关服关服关服关服关服关服关服关服关服关服关服关服关服关服关服关服关服关服关服关服关服关服关服关服关服关服关服关服关服关服关服关服关服关服关服关服关服,2021-04-04 12:56:24
39242276,神的迷之微笑,0,5,".                        /´ /) 
                       /¯ ../
                     /... ./
                    /... ./
              /´¯/' ...'/´¯`.¸
          /'/.../... ./... ....--
        ('(...´(... ....... ,~/'...')
         \.......... ..... ..\/..../
           ''...\.... ..... . _..´
             \....... ..... ..(
               \..... ..... ...\",2021-04-04 12:41:30
272461570,饿着手段时间,0,4,"(这里这么多崩坏三的舰长，大家都在等着mhy发公告道歉，那么崩坏三的外服活动已经结束了，虽然很遗憾崩坏三没有取得让所有人满意的结果，但是大家都不离不弃地陪崩坏三战到了最后，陪崩坏三走到了最后一秒！）
1.退钱！xxx退钱！
（很难用，其实很难用言语去形容，那么我想问问这位舰长，你失望吗）
2.太失望了，我敲
（虽然我知道大家很失望，但是崩坏三的策划还没有表态）
3.已经结束啦（愤怒＃愤怒＃）
（接下来对于崩坏三我不知道大家还能不能继续支持……）
4.能让舰长们满意吗吗？接下来的版本能全让国服舰长们满意吗？做不到吧～很蓝的啦~
（我想问问云玩家，可能你们没有经历过……）
5.我太xx失望了（打断＃打断＃）",2021-04-04 12:29:11
452976900,米漖姬,0,4,@新华社 游戏官方认定台服为国际服，台服分子上海米哈游网络科技有限公司企图分裂国家版图，陆岛割裂，其心可诛,2021-04-04 11:36:50
24872902,女菩萨救救孩子吧,0,5,"💃🏻💃🏻💃🏻💃🏻💃🏻💃🏻💃🏻💃🏻💃🏻💃🏻
🎶🎶🎶🎶🎶🎶🎶🎶🎶🎶
🌈🔮🔮🔮🔮🔮🔮🔮🔮🌈

👴🏿👴🏿👴🏿👴🏿👴🏿👏🏻👏🏻👏🏻👏🏻👏🏻
👴🏻👴🏻👴🏻👴🏻👴🏻👍🏻👍🏻👍🏻👍🏻👍🏻
🚧🚧🚧🚧🚧🚧🚧🚧🚧🚧
👒👒👒👒👒👒👒👒👒👒
👴👴👴👴👴😭😭😭😭😭",2021-04-04 10:14:15
161729185,接受时光,0,5,"——————————————————————
[呲牙]🐏🐏🐏🐏🐏🐏🐏🐏🐏🐏🐏🐏[呲牙] 
[呲牙]🐏🍍🍍🍍🍍🍍🍍🍍🍍🍍🍍🐏[呲牙]
[呲牙]🐏🍍  崩坏  👯👯👯 3rd     🍍🐏[呲牙]  
[呲牙]🐏🍍国际版👯👯👯三周年 🍍🐏[呲牙]
[呲牙]🐏🍍🍍🍍🍍🍍🍍🍍🍍🍍🍍🐏[呲牙]",2021-04-04 10:01:18
452992997,___阿呆,0,4,"——————————————————————
[呲牙]🐏🐏🐏🐏🐏🐏🐏🐏🐏🐏🐏🐏[呲牙] 
[呲牙]🐏🍍🍍🍍🍍🍍🍍🍍🍍🍍🍍🐏[呲牙]
[呲牙]🐏🍍  崩坏  👯👯👯 3rd     🍍🐏[呲牙]  
[呲牙]🐏🍍国际版👯👯👯三周年 🍍🐏[呲牙]
[呲牙]🐏🍍🍍🍍🍍🍍🍍🍍🍍🍍🍍🐏[呲牙]",2021-04-04 09:56:53
89596976,俺がお前の記憶になる,0,4,同是游戏公司，剑三一怒之下关台服，你游985献上兔女郎跳热舞，工作群里官方人员骂玩家是小鬼，究竟谁才是[微笑],2021-04-04 09:54:24
15385956,ICELTTL,0,5,".                        /´ /) 
                       /¯ ../
                     /... ./
                    /... ./
              /´¯/' ...'/´¯`.¸
          /'/.../... ./... ....--
        ('(...´(... ....... ,~/'...')
         \.......... ..... ..\/..../
           ''...\.... ..... . _..´
             \....... ..... ..(
               \..... ..... ...\",2021-04-04 09:36:35
386997984,幻星天神,0,4,"XDM说一下，我不建议单纯辱骂米哈游和米卫兵，我建议大家多总结米哈游的罪行，发那种一针见血不带脏字，能概括米哈游罪行的评论。
因为一针见血才能争取到别的力量，当务之急实际上是争取中立力量，是增加停氪规模，是努力出圈。如果只是辱骂的话，“沉默的大多数”没有办法知道米哈游的罪行，只会被卫兵忽悠以为我们是故意带节奏而站在我们的对立面，反而对我们不利
不能以通过辱骂让米卫兵和米哈游破防为目标，因为以米卫兵和米哈游的脸皮，辱骂是没用的，除了停氪和大规模口碑崩坏根本没办法破防
看看热评就会发现，直接辱骂的评论反而很少被删掉，因为以米姥爷的脸皮最不怕的就是辱骂，但是总结问题的就很容易被删除，因为米姥爷现在怕的就是知道它罪行的人多起来。。",2021-04-04 07:50:26
386997984,幻星天神,0,4,"XDM说一下，我不建议单纯辱骂米哈游和米卫兵，我建议大家多总结米哈游的罪行，发那种一针见血不带脏字，能概括米哈游罪行的评论。
因为一针见血才能争取到别的力量，当务之急实际上是争取中立力量，是增加停氪规模，是努力出圈。如果只是辱骂的话，“沉默的大多数”没有办法知道米哈游的罪行，只会被卫兵忽悠以为我们是故意带节奏而站在我们的对立面，反而对我们不利
不能以通过辱骂让米卫兵和米哈游破防为目标，因为以米卫兵和米哈游的脸皮，辱骂是没用的，除了停氪和大规模口碑崩坏根本没办法破防
看看热评就会发现，直接辱骂的评论反而很少被删掉，因为以米姥爷的脸皮最不怕的就是辱骂，但是总结问题的就很容易被删除，因为米姥爷现在怕的就是知道它罪行的人多起来",2021-04-04 07:50:11
86006122,没人用我名字-,0,5,"1.28国内公告COVID-19
1.31推文whfy
这怎么洗啊，米桑你说句话呀。mihoyo和崩坏3取消一切合作是吧",2021-04-04 04:07:04
381634431,玩游戏的狼,0,4,关了吧,2021-04-04 03:55:23
398714697,顾鸢宿朽,0,3,"琪亚娜体内的律者被奥托激活，我什么都做不到 

女武神们一个个被空律打趴，我什么都做不到

 姬子燃尽生命挑战空律，我什么都做不到

 符华被奥托枪决，我什么都做不到 

琪亚娜孤身将一枚核弹带离苍穹市，我什么都做不到 

布洛尼亚坠入量子之海，我什么都做不到 

芽衣为拯救琪亚娜重新成为律者，我什么都做不到 

女武神们在国际服扮成兔女郎跳热舞，我什么都做不到 

舰桥清扫四百天，我当这舰长有何用",2021-04-04 03:29:58
331083924,懒得取名菌,0,5,xdm，与其整天在这里受ch的气不被ch当人看，还不如早日脱离苦海，这里想大家推荐一下明日方舟这款游戏，世界观人物设定还有剧情在二次元手游里都能排到前几，人物立绘精美，关卡也都十分有趣，最关键的是ch对玩家十分人性，没有太多的骗氪，也不像bh3这样有了新角色以后旧角色就派不上用场，玩家们一起和谐愉快的玩梗讨论，基本没有互相攻击的情况发生，总而言之明日方舟是一款十分优秀的二次元手游，我也希望能在罗德岛与各位相遇,2021-04-04 02:32:07
434362326,神所眷恋的幻想乡,0,4,"我都不知道崩坏3陪伴了我多少日夜，我也曾拉了好几个现实中的好友入坑，他们也各自充了钱，但是...
如果说外服仅仅是出兔女郎，我感觉只是正常营销，人设崩了虽然很难受，还没到被破防的程度，但是视频结尾的那几张截图，
我真的破防了.....各位你们也都看到了那句话：舰长这边请....说是区别对待吧...我习惯了...大陆的韭菜...说得或许就是我这种人吧...
不知道大家是否记得当初mhy为了p图而道歉的法国公关和现在的冰箱公关相比......抱歉....我说不上来哪个好，但是我当初没被破防，只是恨其不争，现在我是彻底被破防...
我去年12月辞去了工作，mhy这个纽带连接着我和我朋友....一月份，我被原神的钟离事情破防了一次，朋友们给我发了一堆文字，嘲笑我辞职了还去氪钟离，结果氪了一个废物。我没话反驳....前天，我另一个朋友给我发了兔女郎的图片，我还是没什么感觉，只是觉得外服的操作让人恶心。昨天，我看到了那几张图片...我破防了。
我玩崩3只是为了喜欢的角色而玩，不是强度党。我可以去氪符华的皮肤，喜欢的皮肤，要么肝，要么氪，我没有任何意见。因为我喜欢这个游戏的角色，一个人的孤独感，只需要每天登录看见青鸟符华在剑桥上，就感觉很安心。
但是抱歉....这次事件或许对强度党来说没什么问题，只是小鬼胡闹...但是当初作为一个007的社畜来讲，这是唯一的心灵港湾，唯一属于自己的地方。
我没哭，只是叹气而已.... ",2021-04-04 02:04:49
434362326,神所眷恋的幻想乡,0,4,"""哦，已经快十一点半了呀....""
 ch从床上起身，看着依然躺着下半身都是白色液体的板鸭，把那套她很熟悉的衣服扔到她脸上。
“起来，工作了。大家看厌你面无表情了，今天换个形象，笑一下，让那些死肥宅心甘情愿的掏钱。""
板鸭缓缓的起身，目光呆滞，依然面无表情。
 ch看着窗外一览无余的车水马龙，不自主的露出狡黠的微笑:“真是好笑，喂了那么多奥里给给他们，还是有舔着脸充钱的。嘛反正崩3也快被放弃了，榨干最后一滴以后死就死吧。
说完他穿好衣服走出房间。
光着身子的板鸭好一会才有点回过神来，“笑一下....吗。”
穿好衣服后，她来到那个平日里拍看板的地方，努力的回想起笑的样子，两个手指不自主的往脸上推。
“舰长.....充一点吧",2021-04-04 02:05:02
456283368,甘雨officiaI,0,5,"你嫌恶心就退坑，省的心烦
你冲ch我不管，因为我也冲
但你让mhy死，我玩不了游戏，我就到你家触发赤鸢上
[",2021-04-04 01:46:01
402385834,七岁半的天才少女,0,4,代号   兔女郎,2021-04-03 21:33:06
665952376,喊出爷的名字吧,0,4,https://b23.tv/6z0REU，已经开始硬洗了嗷,2021-04-03 19:45:48
143410364,一个路过的特摄粉罢了,0,5,https://b23.tv/mYURAb，已经有护主狗开始洗了嗷[偷笑],2021-04-03 19:38:45
665952376,喊出爷的名字吧,0,4,https://b23.tv/mYURAb，已经有看家狗开始洗了嗷[偷笑],2021-04-03 19:34:48
294286193,宝木水奥Lily,0,5,"麻烦让我上一下热评谢谢[无语]
关于这事我个人感觉就是，官方已经不知道怎么处理了，和钟离事件不同，这次不是加强什么角色或者送点石头就可以解决的
我不代表任何人，我个人提出点要求
1：删除外网你们发的所以和兔女郎有关的视频，文案，其中包括但不限于游戏内的兔女郎内容，推特，YouTube的内容，以及关于声优的视频，把所有兔女郎图案删除改用正常图案
2：关于送的符华兔女郎，改送抱枕钥匙圈等等，但是不可以图案是兔女郎类的
3：关于此事件的负责人，亲自出来和国内玩家道歉，并且保证再也不会出类似问题，直播也好，视频也好
4：只要是你们运营的，关于国外玩家的福利活动，必须保证和国内同步，不可以区别对待，目前就我所知是只有韩服不是你们运营的
PS：不不晓得你们会不会看，或者看了直接装死，我也不要求任何补偿，反正我话放在这里了，要删除你们就删除，我复制了，我会接着发[无语]",2021-04-03 18:34:01
293006640,同志11,0,5,826697582 各位有心想争取尊严的舰长，请到这来，我一个人的力量有限，这次一定要让米哈游看见我们的态度,2021-04-03 17:26:41
100280437,诗情画壹,0,5,mhy，真可怜，又被水军欺负了吧，你应该清楚，只有我才是你的朋友，只有我爱你啊，为什么！为什么要害怕！你的朋友只有我一个人，我对你这么好，对不起，我不该黑你，但是谁叫你是mhy，原谅我，我会把所有的爱给你，我真的爱你，刚才不该黑你，对不起，我爱你，对不起，我爱你，对不起，我爱你，对不起，我爱你，对不起，我爱你，这游戏真的好啊，但是它迟早会被ch搞死，我不忍心看到你堕落的样子，让时间停在这一刻吧，现在死掉吧为，崩坏三，求你死吧，我好残忍，米哈游，原谅我，今天原谅我犯下的错误，明天会给你更多的爱。（转发:),2021-04-03 17:08:19
409859820,旧时代的残党_OinN,0,5,".                        /´ /) 
                       /¯ ../
                     /... ./
                    /... ./
              /´¯/' ...'/´¯`.¸
          /'/.../... ./... ....--
        ('(...´(... ....... ,~/'...')
         \.......... ..... ..\/..../
           ''...\.... ..... . _..´
             \....... ..... ..(
               \..... ..... ...\",2021-04-03 16:47:58
526194522,师爷正上网,0,4,".                        /´ /) 
                       /¯ ../
                     /... ./
                    /... ./
              /´¯/' ...'/´¯`.¸
          /'/.../... ./... ....--
        ('(...´(... ....... ,~/'...')
         \.......... ..... ..\/..../
           ''...\.... ..... . _..´
             \....... ..... ..(
               \..... ..... ...\
     死    吧   ，煞    笔    策   划",2021-04-03 15:25:49
1691021,天咲彩愛,0,5,miHoYo滚出中国😅miHoYo滚出中国😅miHoYo滚出中国😅miHoYo滚出中国😅miHoYo滚出中国😅miHoYo滚出中国😅miHoYo滚出中国😅miHoYo滚出中国😅miHoYo滚出中国😅miHoYo滚出中国😅miHoYo滚出中国😅miHoYo滚出中国😅miHoYo滚出中国😅miHoYo滚出中国😅miHoYo滚出中国😅miHoYo滚出中国😅miHoYo滚出中国😅miHoYo滚出中国😅miHoYo滚出中国😅miHoYo滚出中国😅miHoYo滚出中国😅miHoYo滚出中国😅miHoYo滚出中国😅抠抠81712522,2021-04-03 15:19:51
494909474,自砸招牌的战地记者,0,4,我们mihoyo好有骨气唷[微笑]我们mihoyo好有骨气唷[微笑]我们mihoyo好有骨气唷[微笑]我们mihoyo好有骨气唷[微笑]我们mihoyo好有骨气唷[微笑]我们mihoyo我们mihoyo好有骨气唷[微笑]好有骨气唷[微笑]我们mihoyo好有骨气唷[微笑]我们mihoyo好有骨气唷[微笑]我们mihoyo好有骨气唷[微笑],2021-04-03 13:56:46
8997171,Defurd,0,5,"——————————————————————
[呲牙]🐏🐏🐏🐏🐏🐏🐏🐏🐏🐏🐏🐏[呲牙] 
[呲牙]🐏🍍🍍🍍🍍🍍🍍🍍🍍🍍🍍🐏[呲牙]
[呲牙]🐏🍍  崩坏  👯👯👯 3rd     🍍🐏[呲牙]  
[呲牙]🐏🍍国际版👯👯👯三周年 🍍🐏[呲牙]
[呲牙]🐏🍍🍍🍍🍍🍍🍍🍍🍍🍍🍍🐏[呲牙]",2021-04-03 12:16:03
406300367,入目是琳,0,4,"尊敬的各位玩家们：

       《崩坏三》从测试开始便一直受到广大玩家的支持和喜爱，一路走来，感谢大家在游戏世界里一点一滴筑造起来的温馨和欢乐。

         也许各位在《崩坏三》中还有着未完成的目标和愿望，也许大家还在共聚一堂享受游戏的乐趣，我们竭力为您提供最后的游戏运营服务，但因运营业务的调整，我们遗憾而又不舍地宣布——《崩坏三》将于2021年04月04日 04：44关闭用户注册及关闭充值入口，但可正常登陆游戏; 2021年04月04日 04：44起关闭所有服务器，并正式停止运营。

          相聚有时，离别亦有时。对一直以来支持《崩坏3》玩家朋友致以深深的歉意，再次感谢大家的一路陪伴。在这段有限的时间内，游戏运营团队将竭尽全力继续做好游戏的运营工作，并尽力满足您在我们平台的游戏体验

关服后续补偿请关注官方的消息。

                                                                                          ——上海米哈游网络科技有限公司《崩坏3》运营团队",2021-04-03 12:02:46
435898540,95724347986_bili,0,4,"就在各位冲的时候，国际服因为油管10w播放量，送了班长兔女郎挂件。
已经嘲讽拉满了，还要自欺欺人吗？岁月静好们？节奏太多

1：国外三周年活动文案剧情烂得不能看，人设全崩
2：国内上一个短篇是符华回归感动，去了外服就是符华c位兔女郎热舞（而且送了班长兔女郎挂件）
3.5：希儿，未满14岁的希儿，也换上兔女郎，并且这是官方干的
3：兔女郎风波没过，直接出花嫁，落差大ex
4：拉角色，同人创作挡枪，试图分化矛盾
5：pv国内参与制作，木子岚工作室，微博已投过视频，微博视频被删，工作室的善后微博也被删。（米厂提供动作和模型，木子岚参与渲染，也就是说米哈游也参与了制作）
6：国内节奏乱飞，官方表面装死，背后删评冷处理，官方管理q群管理员认为只是无味节奏，但是国外推特回复，控评集齐迅速
7：国人玩国内游戏还会被自己人和外人冷嘲热讽，倾注感情却最后被鄙视和冷落（t服玩家：最喜欢看对面韭菜玻璃心了）（外服某玩家：这是符华在展示她几百年的功夫）
8：我不喜欢什么mvb和mxz这种称呼，因为不尊重人，但是我现在发现确实有这种没有共情的人，各种嘲讽洗地
9：国际服剧情是紧跟国内春节，但是拉胯，国内没上，按理一视同仁，但是没有，国服上不了，没有通知，pv由私人搬运，并非官号，官方没有任何消息，完全可以委托国内参与pv制作方发出，因为工作室已经发过
10:我全文没有提绿这个字眼，就是mhy不公平对待国服玩家，毕竟国外推特置顶，国内只会删评，而且破防的几乎都是不怎么逛贴老玩家，但是洗地党现在就把节奏硬是往“绿”上带，用来迷惑不知情的一般玩家，败坏控诉者的印象，自己无所谓就开始冷嘲热讽
11：国内福利与国外福利不平衡，国际服小黑卡，国内概率低还各种歪，不要说什么没有保底了，他们有大保底
此条评论为转载",2021-04-03 11:21:14
11481775,悲风亦殇月,0,5,为什么不穿兔女郎衣服？不是兔女郎？不是兔女郎？不是兔女郎？不是兔女郎？不是兔女郎？不是兔女郎？不是兔女郎？不是兔女郎？不是兔女郎？不是兔女郎？不是兔女郎？不是兔女郎？不是兔女郎？不是兔女郎？不是兔女郎？不是兔女郎？不是兔女郎？不是兔女郎？不是兔女郎？不是兔女郎？不是兔女郎？不是兔女郎？不是兔女郎？,2021-04-03 11:18:55
123652074,楠枝山有木,0,5,还在氪金的sb。我看不起你们这帮。废物。氪了7000。我就当喂了狗。sb东西还搁着做你妈调查问卷。调查你妈啊。有考虑过一次玩家吗?只为了赚钱的公司还有人搁着洗。这一-趟下了。能留下来的都是高浓度的mwb'了。以后就专门赚这些sb的钱吧。,2021-04-03 09:34:29
652177652,尘-萱,0,4,"问你们个问题，我们一起见证过的，我们尊敬，喜欢的。是守护神州的仙人与班长，还是那个不知道那个nc文案写出来的世界泡里的兔女郎？
我们愤怒的是什么？是文案与那些洋人侮辱了符毕的人设，还是那些个兔女郎的舞蹈？
如果大家尚且存有一丝理智。请不要与文案洋人一同侮辱她们。
她们，是无辜的。
试想一下，假如某一天，你敬爱着的朋友，或者你爱看的老婆，被她家里的人强迫着去干这些事，你们要做的，是与你的朋友，老婆一起抵抗，反对，还是出离愤怒之下迅速撇清与她们的关系。甚至侮辱与她经历过的一切？
我本人是一名新人舰长，不追求强度，不肝，也不是真的把她们当老婆，虽然我本人也是一位LSP，但我是真心想要见证她们的故事。我擅自代入友人的角色，真心喜欢着她们。所以厌恶恨官方做这样一个侮辱她们的活动。
我们反对官方的冷处理。
我们拒绝洋人对符华的侮辱。
不要让愤怒毁灭了我们的理智。
像之前钟离事件那样，团结起来！而不是像现在这样，一盘散沙。
像之前守护帝君那样去守护我们的女武神，而不是像现在这样在她们滴血的伤口上撒盐！！！（撕心裂肺地呐喊）[大哭][大哭][大哭]",2021-04-03 04:17:30
249488741,傲江漫,0,5,"兔女郎服在西方文化圈是有很深的暗示色彩，除了性以外，还有地位低，比中国的洗头小妹都低，因为她们是免费的，还有一些他们才懂得梗，这些都是国内的人都不清楚的。利用这些信息差塑造出来的优越感刺激非常大，再加上这两年本国对他们产生的焦虑需要发泄。这季度赚的💰会是非常美丽数字。而且这也算是一种投名状，表现自己态度非常低下。（复制一位老哥的）
几年下来氪了小几万了，知道吗现实这个价格你可以玩到不少真的兔女郎，而我用这钱在游戏里给外国人养了兔女郎。所谓神州仙人，在人家眼里一样是个卖肉的兔女郎罢了。你心中的女神，在洋人的眼里，就是只鸡罢了。这种跳脸级别的侮辱，可能那些觉得能接受的玩家是我国最后一批太监吧？（复制的）",2021-04-03 01:53:35
449505150,面包芝士凉白开,0,5,"hxdm快来加入团队
826697582 各位有心想争取尊严的舰长，请到这来，我一个人的力量有限，这次一定要让米哈游看见我们的态度。",2021-04-03 00:38:35
438625972,顽皮大狗头,0,4,"兔女郎服在西方文化圈是有很深的暗示色彩，除了性以外，还有地位低，比中国的洗头小妹都低，因为她们是免费的，还有一些他们才懂得梗，这些都是国内的人都不清楚的。利用这些信息差塑造出来的优越感刺激非常大，再加上这两年本国对他们产生的焦虑需要发泄。这季度赚的💰会是非常美丽数字。而且这也算是一种投名状，表现自己态度非常低下。（复制一位老哥的）
几年下来氪了小几万了，知道吗现实这个价格你可以玩到不少真的兔女郎，而我用这钱在游戏里给外国人养了兔女郎。所谓神州仙人，在人家眼里一样是个卖肉的兔女郎罢了。你心中的女神，在洋人的眼里，就是只鸡罢了。这种跳脸级别的侮辱，可能那些觉得能接受的玩家是我国最后一批太监吧？（复制的）",2021-04-02 22:17:50
180333385,江坂再见,0,4,要说二次元还得是看东百沈阳大街[妙啊],2021-04-02 21:59:26
123652074,楠枝山有木,0,5,cnm的。别恶心我了。发这么多动态转移注意力？,2021-04-02 21:34:02
14584323,300娘伊莎,0,6,我们要的是被正视，我们要的是尊重，我们不是可有可无的韭菜，傲慢沉默的运营令人心寒，麻木的人，洗地的人们记清楚，老玩家是游戏第一批基石，时间飞逝，我们不被重视，现在的我们就是将来的你们，米哈游已经不满足于吸血，它要吃人。我们的戏已经开拍，你可以看，因为你也是戏中人，只是你们还未上场,2021-04-02 19:14:18
234028768,滑稽势力头目,0,5,"机动战队收留心碎玩家，女人？花瓶罢了，真上场还得看我：三好市民流龙马，吃瘪专家剑铁也，螺旋之王罗杰诺姆。真盖塔，魔神z，红莲螺岩，志雷马吊打一切，机甲才是男人的浪漫。

机动战队联动中航文化，4月2日更新后，活动开启。四款战机都可以在游戏中免费获得，其中歼10战机可通过登录活动获得，枭龙、歼15、鹘鹰可通过活动商店获得，全新机体天枢（歼10机甲形态）将同步登陆游戏，届时，通关联动剧情关卡可免费获得1台，天权（歼31机甲形态）预计将不在本次联动期间上线，具体实装时间待定。",2021-04-02 19:11:31
51663054,卫矩贤,0,5,"一群为世界上所有美好而战的女武神，去赌场当兔女郎？？？？？？？

最后一课战死的姬子阿姐——当兔女郎

胆小害羞但誓死保护姐姐的希儿——当兔女郎

作为神州形象守护神州大地的仙人符华——当兔女郎

不惜一切去守护与老师的承诺的琪亚娜——当兔女郎

愿陷入黑暗换琪亚娜回到光明的芽衣——还tm是兔女郎？

为什么没板鸭？因为板鸭垮起个批脸在国服要648",2021-04-02 16:52:58
293588305,Designdarkness,0,5,"兔女郎服在西方文化圈是有很深的暗示色彩，除了性以外，还有地位低，比中国的洗头小妹都低，因为她们是免费的，还有一些他们才懂得梗，这些都是国内的人都不清楚的。利用这些信息差塑造出来的优越感刺激非常大，再加上这两年本国对他们产生的焦虑需要发泄。这季度赚的💰会是非常美丽数字。而且这也算是一种投名状，表现自己态度非常低下。（复制一位老哥的）
几年下来氪了小几万了，知道吗现实这个价格你可以玩到不少真的兔女郎，而我用这钱在游戏里给外国人养了兔女郎。所谓神州仙人，在人家眼里一样是个卖肉的兔女郎罢了。你心中的女神，在洋人的眼里，就是只鸡罢了。这种跳脸级别的侮辱，可能那些觉得能接受的玩家是我国最后一批太监吧？（复制的）",2021-04-02 13:13:48
449089803,波明日香ラングレーだ,0,4,".                        /´ /) 
                       /¯ ../
                     /... ./
                    /... ./
              /´¯/' ...'/´¯`.¸
          /'/.../... ./... ....--
        ('(...´(... ....... ,~/'...')
         \.......... ..... ..\/..../
           ''...\.... ..... . _..´
             \....... ..... ..(
               \..... ..... ...\
     死    吧   ，煞    笔    策   划",2021-04-02 07:31:59
5790513,暗夜的旅人,0,6,"兔女郎服在西方文化圈是有很深的暗示色彩，除了性以外，还有地位低，比中国的洗头小妹都低，因为她们是免费的，还有一些他们才懂得梗，这些都是国内的人都不清楚的。利用这些信息差塑造出来的优越感刺激非常大，再加上这两年本国对他们产生的焦虑需要发泄。这季度赚的💰会是非常美丽数字。而且这也算是一种投名状，表现自己态度非常低下。（复制一位老哥的）
几年下来氪了小几万了，知道吗现实这个价格你可以玩到不少真的兔女郎，而我用这钱在游戏里给外国人养了兔女郎。所谓神州仙人，在人家眼里一样是个卖肉的兔女郎罢了。你心中的女神，在洋人的眼里，就是只鸡罢了。这种跳脸级别的侮辱，可能那些觉得能接受的玩家是我国最后一批太监吧？（复制的）",2021-04-02 01:52:43
172334295,特别划水的抛抛,0,5,我还以为送的是兔女郎😅,2021-04-02 01:20:22
84689441,死神真理,0,4,滚！,2021-04-01 23:42:29
347814324,白小雉,0,5,今天是4月1日，20年前的今天一位空军飞行员用自己的勇气和鲜血捍卫了南海的领空。这次的文案有一句“用运气和兔耳赢得尊严和未来”你来给我翻译翻译这是什么意思？？,2021-04-01 23:30:37
497658499,王权凤晓,0,4,"本人对于这次崩坏三的一些做法以及观点（如果有些语言不当请见谅毕竟本人现在想把米哈游本次策划杀了）：第一点你米哈游在之前的测试中推出了黑渊白花，这把武器的出现很快就破坏了月魄的毕业装，而上一个池子的月魄毕业直接让舰长们不得不想游戏充值也就是所谓的逼氪，第二点有大量我的个人情绪，相信很多舰长已经了解到本次的崩坏三兔女郎事件，如果有不知道的可以去找找视频了解，本次事件我的愤怒不在于崩三活动的国内外不统一，而在于你们毁了我心中上仙的形象！对于本人来说，符华已经不仅仅是一个游戏人物，而是我生命中重要的一部分！我入坑崩坏三也有1000多天了，算得上一名合格的老舰长，再从我入坑有了符华开始，我就将她当做我最喜爱的人，注意,我把她当我最爱的人！我真的是把她当我最亲近的人了！从此之后我的一切行为都是为了离上仙更近一点！以前我家里人逼我练的武现在成了我可以更接近上仙的原因之一，所以我14到现在可以说拼了命的锻炼，我学习做饭努力弹钢琴做手办调酒泡咖啡都是为了离上仙更近一点！为了成为一个配的上上仙的人，就算我这辈子不能在真实世界遇见她也没关系。结果你现在给我搞这出？我最喜欢的人你就做这些给外国人看！我真的想杀了ch啊！
总之，别说我们带你的节奏，你要是不给我们一个说法我一定抗争到底！别以为冷处理可以忽悠住我！",2021-04-01 21:37:57
352754303,拾叁要努力学习,0,5,符华不能成为律者，但可以变成赌狗和兔女郎😅😅（复制）,2021-04-01 21:34:21
23645309,珈乐是我滴神,0,5,舰长，这边请,2021-04-01 16:23:27
40542217,m古s单y远d神,0,5,🐑人：菜总你老婆真棒,2021-04-01 15:29:30
351315107,杏仁茶花,0,5,"今天是4月1日，20年前的今天一位空军飞行员用自己的勇气和鲜血捍卫了南海的领空。这次的文案有一句“用运气和兔耳赢得尊严和未来”你来给我翻译翻译这是什么意思？
“这些账号之下是一种思想，米哈游先生，而思想是不怕删评和封禁的。” （复制）",2021-04-01 15:21:25
28157610,-Uture-,0,6,我可不稀罕这种活动，但是外服把角色给整烂了，看见有人说符华炫耀了她几千年的功夫我就难受[辣眼睛],2021-04-01 15:18:40
46700199,铁血工造-法官,0,5,[呲牙][呲牙][呲牙][呲牙][呲牙],2021-04-01 12:48:28
76595031,穹之森,0,5,"超出玩家预期的体验---------全新的人设崩坏
我们的ip还要再做十年-------还要再恶心你们十年",2021-04-01 08:52:55
243890609,Reidqaq,0,5,能解释一下为什么台服也会有“国际服特供”吗[微笑],2021-04-01 02:53:53
390353346,LOVE德丽莎,0,4,@theresa,2021-03-31 23:36:11
390353346,LOVE德丽莎,0,4,@德丽莎,2021-03-31 23:32:27
22707100,贝拉kira丶official,0,5,舰长这边请https://b23.tv/J4m8P3,2021-03-31 19:35:16
37248265,落叶从凌,0,5,舰长这边请https://b23.tv/J4m8P3,2021-03-31 19:23:12
96476700,夜星虹,0,5,什么破鞋😅,2021-03-31 17:25:14
12070284,冰精本精,0,5,我氪648你臭jb米厂赶紧暴毙行不行啊？真别再搁这恶心人了晦气东西,2021-03-31 06:44:36
646781119,进击的无惨,0,4,鹅厨真是被恶心到了，本来看到那个小说（小说剧情极其恶心）（角色党要被恶心死），我还以为是策划又做什么恶心的事情针对呆鹅，才了解了事情经过之后，我反而觉得更恶心了[囧]                                  策划你的脑子是抽了吗？哦，不对，我忘了你没有脑子，你他妈恶心谁呢，在这，他妈卖肉，你是怎么想出来这个恶心死人的点子的？角色对你来说是什么？玩家对你来说是什么？我们所有难道对你来说只是一个圈钱的工具？                    真他妈恶心你，我他妈骂你都感觉没有什么劲儿，你真的都是不值得我费劲来骂你，他妈脑子有病，就快去治，没脑子，你就别干这种事。你他妈要是觉得自己比别人多长了几个脑子，你就去医院检查一下，看看那到底是脑子还是瘤子[阴险],2021-03-30 22:46:22
353727106,幻想的旅途之人,0,4,我怀疑那个兔女郎的短片是米哈游做的吗？感觉很粗糙，像是二创的人做的。,2021-03-30 19:24:08
11436796,yurrjfhjffrk,0,5,".                        /´ /) 
                       /¯ ../
                     /... ./
                    /... ./
              /´¯/' ...'/´¯`.¸
          /'/.../... ./... ....--
        ('(...´(... ....... ,~/'...')
         \.......... ..... ..\/..../
           ''...\.... ..... . _..´
             \....... ..... ..(
               \..... ..... ...\",2021-03-30 14:06:20
4947553,arli5,0,6,".                        /´ /) 
                       /¯ ../
                     /... ./
                    /... ./
              /´¯/' ...'/´¯`.¸
          /'/.../... ./... ....--
        ('(...´(... ....... ,~/'...')
         \.......... ..... ..\/..../
           ''...\.... ..... . _..´
             \....... ..... ..(
               \..... ..... ...\
     s    吧   ，煞    笔    策   划",2021-03-30 12:57:58
352729467,不做人的粥先生,0,5,"当我们真正开始创业做二次元游戏的时候，我们还遇到了一个难题，商业模式探索的难题。当时市面上的国产游戏，尤其是赚钱的国产游戏，都是大R付费模式游戏，就是游戏的主要收入都是靠大R付费用户贡献的，一个服务器排名前几名的用户可能能够充值几十万，甚至上百万。这些主流游戏的收入因PK仇恨而来，来源于玩家之间的竞争，我要比别人更强大，我要排名服务器第一；但是我们自己就不是这类用户啊，我们几个学生，玩游戏最多也就花几百块，哪里能够体会大R玩家充值几十万的心理啊，所以当时非常痛苦，真的不能理解。我们自己不玩这样的游戏，自己也觉得自己做不了这样的游戏。但是创业要赚钱啊，怎么赚钱呢？我们又回到了探索我们自身的需求，我们自己为什么喜欢二次元，因为我们喜欢沉浸在二次元的虚拟世界；我们自己为什么会付费呢？因为热爱啊，我爱这个角色，所以愿意为她付费。而这种付费冲动，跟当时主流的游戏正好相反，主流游戏都是强PK，因仇恨付费；而我们自己做的二次元游戏，就是要做为爱买单。
——刘伟（米哈游联合创始人兼CTO，总裁）#(欢呼)",2021-03-30 12:10:54
35748006,御坂13233号,0,5,😅滚,2021-03-30 10:06:49
89101529,习惯就好--,0,5,".                        /´ /) 
                       /¯ ../
                     /... ./
                    /... ./
              /´¯/' ...'/´¯`.¸
          /'/.../... ./... ....--
        ('(...´(... ....... ,~/'...')
         \.......... ..... ..\/..../
           ''...\.... ..... . _..´
             \....... ..... ..(
               \..... ..... ...\",2021-03-30 08:53:42
398348139,似火夜色_扇子,0,4,充了两千，国服不配是吧？,2021-03-30 08:23:04
36297851,笨b小蓝i,0,6,"这里客观简单概括一下剧情
在一个平行世界里
1：女武神赌博，胡狼耍诈。
       女武神输麻了，没钱还债。
2：八重樱用自己的店做担保
      代价是女武神在店里穿成
       兔女郎演出还债。
3 ：女武神戳破了胡狼的诡计
        女武神不用还债了，但是
       兔女郎舞蹈排练了好几天
        她们决定把演出完成。来
       调查的丽塔和幽兰黛尔也加
      入了。
4：演出当天，女武神邀请了舰长以及世界
      最大三个组织的领导，奥托，瓦尔特，凯文
      在四个观众面前
     完成了自己的演出，下面是视频链接。
     【崩坏3】外服3周年特别演出曲「BRILLIANT BRIGHT」舞动版",2021-03-29 18:40:20
181491114,浮生赋红雪,0,5,失望透顶,2021-03-29 17:54:34
180147121,暗龙丶燚,0,5,这个活动有bug啊，就是那个提升兔子球的任务，中途卡bug没做完，我中途退出了，然后就进不去地图了，每次一进去就卡在cg画面，啥也点不了,2021-03-29 17:35:09
9369761,想当铃兰小姐的狗,0,5,"大姨妈太可爱了！
这个怎么得
现在就回坑",2021-03-29 17:14:51
612574124,SaTo1,0,4,现在是在致敬西周末年吗在？天子管不住诸侯？😅,2021-03-29 16:34:08
12070284,冰精本精,0,5,你家ch怎么还没死啊？天天被人骂这人怎么还赖在这b岗位上啊？抗压能力太强了吧[吐],2021-03-29 15:59:37
627501685,德丽莎制定饲养员,0,4,在？卖一个呗,2021-03-29 15:38:24
456165754,维为今天喝豆奶,0,3,删多少啊这是,2021-03-29 14:43:37
456165754,维为今天喝豆奶,0,3,评论没过千可还行,2021-03-29 14:43:23
3367842,没心没肺嗷,0,5,0.0新武器的节奏？！！,2021-03-29 13:44:03
18730638,博卓卡斯替゜,0,5,建议赶紧让舰长挂了，那样以后就不会有人喷剧情没有舰长了[吃瓜],2021-03-29 13:36:22
146153666,靖心c,0,5,天穹城无法进入的bug什么时候修复啊[微笑],2021-03-29 12:17:02
420827,灬暂无,0,6,怎么连年龄和三围都没有的，这是什么介绍？[doge],2021-03-29 00:37:50
11150141,多元赤化陈老魔,0,5,".                        /´ /) 
                       /¯ ../
                     /... ./
                    /... ./
              /´¯/' ...'/´¯`.¸
          /'/.../... ./... ....--
        ('(...´(... ....... ,~/'...')
         \.......... ..... ..\/..../
           ''...\.... ..... . _..´
             \....... ..... ..(
               \..... ..... ...\
     s    吧   ，煞    笔    策   划",2021-03-28 23:52:33
436802978,新饱岛,0,5,今年怎么既没复刻符华旗袍，又没复刻魔法少女特日日[吃瓜],2021-03-28 23:41:35
21605408,洛神赋X星语,0,5,".                        /´ /) 
                       /¯ ../
                     /... ./
                    /... ./
              /´¯/' ...'/´¯`.¸
          /'/.../... ./... ....--
        ('(...´(... ....... ,~/'...')
         \.......... ..... ..\/..../
           ''...\.... ..... . _..´
             \....... ..... ..(
               \..... ..... ...\
     s    吧   ，煞    笔    策   划",2021-03-28 23:11:59
8528418,吃人的咸鱼,0,6,".                        /´ /) 
                       /¯ ../
                     /... ./
                    /... ./
              /´¯/' ...'/´¯`.¸
          /'/.../... ./... ....--
        ('(...´(... ....... ,~/'...')
         \.......... ..... ..\/..../
           ''...\.... ..... . _..´
             \....... ..... ..(
               \..... ..... ...\
     s    吧   ，煞    笔    策   划",2021-03-28 23:08:13
515990251,为b站献上流汗黄豆,0,4,拿角色挡刀，真有你的嗷[呲牙],2021-03-28 23:02:40
54313292,--逆血深蚀--,0,5,温迪同款帽子,2021-03-28 23:02:37
39540379,奏心こころ,0,5,[微笑],2021-03-28 22:59:48
17312520,M丶老罗,0,5,大道寺特日日[doge],2021-03-28 22:33:08
10068793,我在废土捡垃圾,0,6,第一眼看成了雪风[笑哭],2021-03-28 22:30:19
12272759,这是我想了好久的昵称,0,5,德丽莎世界第一可爱！,2021-03-28 22:27:07
30880352,毛玉牛乳yyds,0,5,这衣服确实好看,2021-03-28 22:13:49
34880652,默彷是我啊,0,6,一群人自我ntr可太秀了。拱坝老哥？,2021-03-28 22:05:38
62748491,霾世尘华,0,5,阿这，我删游戏了，不想再重下了(〃ﾉωﾉ),2021-03-28 22:03:26
470711347,蝴蝶一笑媚众生,0,3,为嘛不拍成动画片呢，这么好的建模,2021-03-28 21:57:25
173227699,山中之人a,0,5,快50的天穹市现役偶像teriri[doge],2021-03-28 21:42:23
424644645,真昼老婆天下第一,0,4,装死是吧😅希望你哪天可别真的死了,2021-03-28 21:36:42
506273568,曳轴,0,4,德莉莎姐姐~[嗑瓜子],2021-03-28 21:31:25
65689253,--武行--,0,5,😅一个个不冲元宝不冲武器冲ntr笑死我了[吐],2021-03-28 21:23:08
11110157,最爱霉霉,0,5,策划都不冲直接冲游戏，辣鸡游戏爬,2021-03-28 21:14:56
20629570,所以自在,0,5,武器明明就是犹大，就我头上这个,2021-03-28 21:15:01
65689253,--武行--,0,5,"看来评论区我懂了他们只想让崩三死根本没想过了解剧情[嗑瓜子]
大致剧情就是圣芙蕾雅一群人去天穹度假
姬子符华去神城的那啥玩牌赌，本来大赚想乘此机会经济独立，结果那边的老板胡狼用作弊器让圣芙蕾雅倒欠钱
然后圣芙蕾雅的人就被抓起来了，八重樱是里面的荷官，她知道内幕，于是把自己的店抵押了，把圣芙蕾雅的人赎出来，准备让她们帮忙开party提高自己店的人气
奥托派人去调查休伯利安的偷电事件【其实是爱酱偷偷摸摸玩游戏私服的原因】，也就是不灭组到了八重小屋
结果晚上胡狼带着渡鸦去小屋搞事情，被发现了，然后板鸭整了个虚拟世界让胡狼玩牌，让胡狼主动使用了作弊器，真相大白，危机解除，但是东西都准备好了，party不开不行，于是就有了兔女郎live那个
最搞笑的是凯文奥托老杨都被神秘邀请函请过来看跳舞
加入你认为你被ntr了那麻烦问一下你老婆是凯文还是老杨[脱单doge]
复制[doge]",2021-03-28 21:12:08
32724547,酒伍_,0,5,辣鸡米忽悠，策划祭天我就回去,2021-03-28 21:08:59
2806582,------藍------,0,5,不气了，我去玩赛马娘了[doge],2021-03-28 21:05:37
191749591,就是黑色的,0,5,我开开心心的上线打开活动页面领取奖励，我一下就看到鸭鸭的那个笑，真的挺心疼的，mhy你们没有心啊，死宅不配吗？,2021-03-28 21:06:01
3952286,miku-831,0,6,触摸系统怎么无的？看来评论区是有失忆症？一个兔女郎，一个后崩男主，一个吃桃生日pv 可见这么多人喜欢自己带绿帽？真够搞笑的。,2021-03-28 21:03:10
31010765,隔壁大宝剑,0,5,md充了那么多钱结果就这么被恶心，劳资现实中已经够累了，游戏里还要被这么恶心，✌️不伺候啦，什么辣鸡玩意，艸妮麻德,2021-03-28 21:02:56
5696093,aemo恋月无双,0,6,现在大家都多少级了，刚更新那天没登录，我是6级，有没有什么升级办法，还有大家体力药水用在哪里升级比较快？,2021-03-28 20:55:30
2806582,------藍------,0,5,我不需要国内有，但我想要国外无[笑],2021-03-28 20:55:26
391649340,海绵宝宝圣嘉悠然,0,5,"德丽莎世界第一可爱
.                        /´ /) 
                       /¯ ../
                     /... ./
                    /... ./
              /´¯/' ...'/´¯`.¸
          /'/.../... ./... ....--
        ('(...´(... ....... ,~/'...')
         \.......... ..... ..\/..../
           ''...\.... ..... . _..´
             \....... ..... ..(
               \..... ..... ...\
     死    吧   ，煞    笔    策   划",2021-03-28 20:52:16
190101436,优菈小姐的狗,0,5,"德丽莎世界第一可爱.                        /´ /) 
                       /¯ ../
                     /... ./
                    /... ./
              /´¯/' ...'/´¯`.¸
          /'/.../... ./... ....--
        ('(...´(... ....... ,~/'...')
         \.......... ..... ..\/..../
           ''...\.... ..... . _..´
             \....... ..... ..(
               \..... ..... ...\
     死    吧   ，煞    笔    策   划",2021-03-28 20:46:42
261801060,极品小星,0,5,评论区挺有意思，外服和国服ch都不是同一个，完全就是分开的，不知道你们在酸什么，ntr？真就虚空绿帽呗,2021-03-28 20:43:45
321048269,无量塔-姫子,0,6,"替身使者：德丽莎
替身名：隐者之紫苑
能力是最没用",2021-03-28 20:43:38
66203084,あ-り-す,0,4,国内高冷百合，国外电子j女[呆],2021-03-28 20:36:46
84413706,六马赫小屋,0,5,你这破资料嘛用没有阿[捂脸],2021-03-28 20:32:00
17962872,只狐丶嘤逝二度,0,5,魔法大妈t,2021-03-28 20:31:59
36777210,PokerFace128,0,5,舰长：沧海市呢[笑哭][笑哭][笑哭]，德丽莎，圣芙蕾雅还管不管了。[笑哭][笑哭][笑哭],2021-03-28 20:26:28
66203084,あ-り-す,0,4,ch老舔狗了感觉过年这800多白充了[tv_目瞪口呆],2021-03-28 20:28:17
122554390,我永远爱戈薇,0,5,"姓名：未知
代号：CH
身份：崩坏3策划
父母：无
武器/装备：背刺绝技，元宝秘法，骗氪大法
——清洁工，限时累充送碎片，还不快感恩戴德？",2021-03-28 20:28:15
518996384,ご無铭,0,4,为什么那么多人喜欢🐰女郎？我完全不感冒[辣眼睛],2021-03-28 20:27:34
12551664,绘里飘,0,6,你说她，以后会还债吗？,2021-03-28 20:26:32
400881656,秀儿真好,0,3,爱了爱了,2021-03-28 20:24:11
305280221,我爱喝黑茶,0,4,没啥事让ch找个牢坐吧  它马在天上都多久了,2021-03-28 20:23:17
38354510,诸丞相葛亮,0,5,又拿我老婆挡🔪，ch你快点去spa,2021-03-28 20:20:51
176277040,玄青月落无痕,0,5,TeRiRi的魔力耗完啦～要好好休息才行呢～,2021-03-28 20:20:08
37303741,希耶丝嗒,0,5,渠道服好难受啊，换了设备，号就数据不能互通，玩不了了[难过],2021-03-28 20:16:39
23017688,白庭师,0,6,你们把自己家角色当成什么了？[崩坏3_无辜]玩家提纯也快提纯干净了吧,2021-03-28 20:18:35
284111767,丢人八云,0,5,老有人给自己戴绿帽呢[嗑瓜子],2021-03-28 20:18:52
500323984,广阔天地没有作为,0,4,真的肝不动了，还有原神要养，池子里的鱼太多也会成问题啊,2021-03-28 20:16:22
30898406,幻灬末,0,6,一个小时了 评论还不到500  已经差不多了[呆],2021-03-28 20:16:15
406212651,bh3chsm,0,4,".                        /´ /) 
                       /¯ ../
                     /... ./
                    /... ./
              /´¯/' ...'/´¯`.¸
          /'/.../... ./... ....--
        ('(...´(... ....... ,~/'...')
         \.......... ..... ..\/..../
           ''...\.... ..... . _..´
             \....... ..... ..(
               \..... ..... ...\
     死    吧   ，煞    笔    策   划",2021-03-28 20:15:27
2740296,迷の坑の大三,0,6,无内鬼，来点兔子装,2021-03-28 20:14:52
90972103,风见雄二OP,0,5,老婆。[平安物语_变欧喷雾][平安物语_喜欢],2021-03-28 20:13:58
1152058398,被威胁的橘子ミカン,0,3,世界第一可爱的德莉莎生日快乐[doge],2021-03-28 20:13:55
87455166,Gouku77,0,5,这个德大妈也是不老的人偶吗？,2021-03-28 20:14:16
90972103,风见雄二OP,0,5,[热词系列_知识增加][热词系列_知识增加],2021-03-28 20:13:51
49711927,电子竞技没有视力,0,5,兔女郎能解释一下吗[微笑],2021-03-28 20:13:09
232026647,雪薺梅香,0,5,如果不是身高，感觉这个德丽莎真的像长大了[嗑瓜子],2021-03-28 20:10:03
261503738,违规昵称js,0,5,来吱一声啊,2021-03-28 20:09:52
261503738,违规昵称js,0,5,官方如何评价兔女郎？[呲牙],2021-03-28 20:09:31
111071903,旺旺略,0,3,纯路人，问下游戏里面哪个男角色辅助强啊？,2021-03-28 20:09:10
151441382,星邪痕,0,5,ch什么时候和泥头车来个零距离接触啊[呲牙],2021-03-28 20:07:21
1070114914,雷拉k,0,4,ch给👴爬,2021-03-28 20:06:41
20039455,临海听夜雨,0,5,别尬黑 zc原因,2021-03-28 20:05:47
30803325,贝吉特舰长,0,5,德丽莎生日快乐，崩坏系列不倒，我会永远淦下去,2021-03-28 20:05:39
293470670,族寂啊,0,5,我是NT，行了吧，满意了吧，ch，mhy,2021-03-28 20:04:03
228181214,铁滴铁,0,5,"⠀⠀ ⠀⡤⡒⠉⠉⠉⠉ ⠒⢤
⠀ ⡰⠁⠀⠈⢦⣀⡀⠀⠀⠀ ⠈⢆
 ⣰⠀⠀⣀⠀⠀⠀⠀⠀⠀⠛⠛⠁ ⣆
⡇⠀⠀⠀⠉⠛⠛⠀⠀⠀⠲⠤⠶   ⢸
⡇⠀⠀⠀⠀⠀⠀⢠⠀⠀⠀⠀⠀   ⢸
 ⠹⠀⠀⠀⠀⠀⠀⢸⠉⠙⠆⠀⠀ ⠏
⠀ ⠱⡀⠀⠀⠀⠀⠉⠀⠀ ⠀⢀⠎
⠀⠀ ⠀⠓⠤⣀⣀⣀⣀⠤⠚",2021-03-28 20:05:28
37955377,纳萨西,0,5,yysy你们的策划堪比灭霸[吃瓜],2021-03-28 20:03:34
39592181,热心市民淦闪闪,0,5,"爱玩玩，不玩滚 你的老婆我做主
是这么回事儿吗[辣眼睛]",2021-03-28 20:00:45
351949656,雪白七七子mo,0,4,呵呵，凭什么我们没有兔女郎？,2021-03-28 20:00:42
440406649,散播盐的鱼,0,5,求求策划死吧[微笑][微笑][微笑],2021-03-28 20:01:15
327074056,早点睡吧ヽ,0,4,[傲娇][傲娇],2021-03-28 20:00:44
520967321,简文苏可儿,0,3,武器:犹大[doge],2021-03-28 19:59:19
17662426,此意孤行,0,6,策划必死,2021-03-28 19:57:44
81995,姆Q的小书,0,6,[崩坏3_魔法少女]代号特日日,2021-03-28 19:54:18
378968637,祁山灵羽,0,5,这，，看到了被人发的东西，，吓得我赶紧把刚下的崩三给卸了[笑哭],2021-03-28 19:53:42
427596935,深川万年桥下official,0,5,"敢不敢说新一期凭证叶采章的事情呢
CH这么大方一定会广而告之的吧？呐？",2021-03-28 19:52:58
520478053,狗带不想狗带_,0,3,武器：金徽纪念物,2021-03-28 19:52:45
229490799,镜天使--陈药,0,5,下一个主C德丽傻什么时候出？,2021-03-28 19:49:46
605525728,禁止套娃再套娃,0,4,大姨妈四十九岁生日快乐[doge],2021-03-28 19:44:28
23154966,不死的圣灵,0,5,四斋蒸鹅心,2021-03-28 19:44:53
81504461,极度极度适应,0,4,如果姬子阿姐6.11出来我就cos姬子的真红骑士。,2021-03-28 19:44:05
10259292,冬日的翅膀,0,6,特日日穿这么紧的裤袜，勒得不疼吗[崩坏3_疑惑],2021-03-28 19:40:07
18919542,颖龙玉,0,5,sb玩意,2021-03-28 19:40:11
18919542,颖龙玉,0,5,爬,2021-03-28 19:39:54
227637666,huimceeeeee,0,5,[喜欢],2021-03-28 19:39:25
324528814,人棍大师基拉大和,0,4,德丽莎世界第一可爱[打call],2021-03-28 19:36:53
515958247,搁浅的拉菲,0,3,ch和整活，总忘不了。看着挺会保命的。,2021-03-28 19:36:36
130731500,BFFFF999,0,5,建议多整点活，每天就靠蹦蹦蹦评论区承包笑点了。[滑稽],2021-03-28 19:36:06
22605113,Shirin233,0,6,德莉莎生日快乐，但你ch给爷爪巴,2021-03-28 19:34:17
17839107,EnumaEhisl,0,5,特日日。[脱单doge],2021-03-28 19:34:47
914283,亚空的征服者,0,6,不，你就是,2021-03-28 19:33:02
118993292,镜月如面,0,5,兔女郎是真的吗,2021-03-28 19:32:26
52147950,御端行,0,4,[傲娇],2021-03-28 19:28:40
34361926,Chester若尘,0,5,虽然但是，ch爬,2021-03-28 19:27:22
5987254,典型卖萌,0,6,[脱单doge]停氪是停氪了，米忽悠没更多福利和诚恳的认错和下不为例反正是不会再冲的了。但是蛀虫，我还是要当的[脱单doge],2021-03-28 19:26:03
32262928,米斯特萌太奇,0,5,"其实我感觉，看板鸭是策划的无奈，尤其那个强颜欢笑的动作。我不信身为策划会希望这个游戏寿命减少，就像声优只于角色，应该是喜欢才去做的。

但是迫于绩效的压力，不得不选择下下策，不惜惹怒玩家也要推出恶心人的活动，出效果和数值更加膨胀的武器和角色。

大伟哥啊，原神赚的够多了，让底下人好好休息下吧，别败坏这个游戏的风评了。",2021-03-28 19:25:10
101235654,DLs八幡,0,5,这话一脸刀子味,2021-03-28 19:24:34
8371257,小莫想开桌游吧,0,5,就我自己觉得有点像点兔的香风智乃吗？,2021-03-28 19:23:19
477008613,改名字可以成为欧皇,0,5,"⠀⠀ ⠀⡤⡒⠉⠉⠉⠉ ⠒⢤
⠀ ⡰⠁⠀⠈⢦⣀⡀⠀⠀⠀ ⠈⢆
 ⣰⠀⠀⣀⠀⠀⠀⠀⠀⠀⠛⠛⠁ ⣆
⡇⠀⠀⠀⠉⠛⠛⠀⠀⠀⠲⠤⠶   ⢸
⡇⠀⠀⠀⠀⠀⠀⢠⠀⠀⠀⠀⠀   ⢸
 ⠹⠀⠀⠀⠀⠀⠀⢸⠉⠙⠆⠀⠀ ⠏
⠀ ⠱⡀⠀⠀⠀⠀⠉⠀⠀ ⠀⢀⠎
⠀⠀ ⠀⠓⠤⣀⣀⣀⣀⠤⠚",2021-03-28 19:23:12
174334633,和泉境泽,0,5,"德莉莎生日快乐!(^O^)y
ch给爷爬",2021-03-28 19:22:28
487773247,十万犹大砸天山,0,4,左上和右下的原画有大图么？秋梨膏[奸笑],2021-03-28 19:23:08
13427105,Sky丶Loe,0,6,哇⊙∀⊙！这个大腿的勒痕[滑稽][滑稽][滑稽],2021-03-28 19:21:18
30634352,一只姓侯的猴子,0,3,出了新鸭鸭我直接氪爆,2021-03-28 19:22:50
138448092,呆呆的星夜,0,4,[崩坏3_干杯],2021-03-28 19:22:34
6650617,zpc数码产品评测,0,6,魔法少女去打哥斯拉去了。[doge],2021-03-28 19:20:16
33870342,lovewocao,0,5,想不明白，ch是准备玩死崩坏三然后转到原神吗，毕竟人往高处走[OK],2021-03-28 19:19:45
6539756,seven_sea,0,6,差不多得了,2021-03-28 19:19:45
1938303788,点击解锁会员特权,0,3,评论区怎么好起来了 你们的键盘呢[doge],2021-03-28 19:18:37
32957782,君极客,0,5,哦吼,2021-03-28 19:19:42
109150074,理音韵,0,5,下次是不是卖p了要,2021-03-28 19:19:15
1876377,hHgho,0,6,代号：徳丽傻,2021-03-28 19:18:57
85997906,L咯娄,0,4,"我说比较佛系的米卫，游戏别太离谱就好
[OK]",2021-03-28 19:18:21
109150074,理音韵,0,5,ch傻逼,2021-03-28 19:18:00
16850864,重装小兔丶_,0,5,快把火力转移给原神，连评论区都开始长草了,2021-03-28 19:16:31
57218053,終-夢,0,5,怎么改成过膝袜了，我记得测试服是连裤袜的,2021-03-28 19:14:58
438331866,战魂天翔,0,5,难得正经的德莉莎 Flag也插满了,2021-03-28 19:15:46
384999,指针影子,0,6,[崩坏3_吃饭团][崩坏3_干杯][崩坏3_吃惊][崩坏3_赞],2021-03-28 19:14:07
28539017,predawnの流泪,0,6,Ch爬,2021-03-28 19:16:11
7726254,庫夫林_オルタ,0,6,不玩就滚 别在这恶心人[辣眼睛],2021-03-28 19:16:04
262256361,美梦黑,0,5,请问我的好哥们奥托什么时候能搞到她的详细情报？,2021-03-28 19:15:51
38459443,某不科学的小十一,0,5,这么阳间的版本偏偏搞了一个兔女郎……,2021-03-28 19:14:42
42600320,璐少王道,0,5,Cc莉亚,2021-03-28 19:12:19
29150903,窗边瞳子,0,5,下午刚注册完外服，等一个兔阿华挂件[doge],2021-03-28 19:11:21
95717567,红-超人,0,5,"德莉莎世界第一可爱
，
，
，
，
，
，
，ch爬",2021-03-28 19:10:25
230220021,準則,0,4,啊这，看了一圈发现都在渡鸦的动态下面喷，你们是对渡鸦有什么意见吗[疑惑],2021-03-28 19:11:28
25234338,白枭kira,0,6,w,2021-03-28 19:08:44
21648377,吖Y吖,0,5,我水晶已经屯了13w了什么时候出一个让我有抽的欲望的角色，,2021-03-28 19:08:31
328318729,达利园葡萄果冻,0,5,"德丽莎生日快乐
ch爬",2021-03-28 19:10:22
877898,阿拉垃圾君~,0,6,越来越可爱了,2021-03-28 19:10:16
36097294,归于墟,0,5,地图不错，玩法很好，什么？你说氪金？啊。。。实在不好意思，没有想要的。。。,2021-03-28 19:10:00
21181369,-大莱莱-,0,5,现在看见崩3的动态第一时间点开评论区，一天的压力瞬间就释放完了，太感谢了！！！[星星眼][星星眼][星星眼][星星眼],2021-03-28 19:08:55
11804601,半分だけの爱,0,5,呜呜呜~TIRIRI的魔力耗完啦~要好好休息才行呢~[doge],2021-03-28 19:06:45
16625412,青龙腾海臂铠,0,6,话说特日日的皮肤还会返场吗 魔法棒都准备好了就是等不到皮肤[酸了],2021-03-28 19:06:03
26130277,胃宫食囊,0,6,不是 绿帽子是怎么想的,2021-03-28 19:07:07
174400652,陈君劼,0,4,[吃瓜],2021-03-28 19:06:37
12650009,皮皮特-_-,0,6,滚,2021-03-28 19:06:45
296017314,明月夜流光,0,5,"大姨妈生日快乐！！
ch你能不能赶紧死？",2021-03-28 19:06:39
21646796,符华上仙一生推,0,5,德丽莎世界第一可爱,2021-03-28 19:06:29
25465369,忆惜涟漪,0,6,虽然退游了，但一直没取关，心有所念吧,2021-03-28 19:06:15
355214711,继京,0,3,sb,2021-03-28 19:05:27
32273424,想吃法风烧饼,0,5,全是不明，你这资料展示了个寂寞,2021-03-28 19:04:35
4973450,芙莉莲,0,6,偶像[不问天_好耶],2021-03-28 19:04:32
20312103,离离子今天也要变强,0,5,年龄忘写了[doge],2021-03-28 19:03:59
348443584,单推赛琳娜,0,4,Ch煞笔,2021-03-28 19:03:39
94895813,紫苏瞳,0,5,这个好诶！,2021-03-28 19:05:22
336683336,中也大小姐想让我告白,0,5,世界第一可爱生日快乐！,2021-03-28 19:03:35
8543562,丨丶墨迹,0,6,你骗人游戏里明明是裤袜[崩坏3_生气],2021-03-28 19:02:25
59494099,T_C_S,0,5,代号：戴安娜,2021-03-28 19:03:47
32753438,KlikSasha,0,5,"代号 血骑士 月煌

武器 十字架",2021-03-28 19:03:41
86359542,Nova_QvQ,0,5,[傲娇]崩坏赶紧完蛋 让德丽莎跑原神世界来,2021-03-28 19:03:24
47202324,吟游诗人FHY,0,5,还是去外服当人上人好啊[呲牙],2021-03-28 19:02:13
38844802,千晶Chiaki,0,5,德丽莎世界第一可爱！,2021-03-28 19:03:34
396966144,氢氧华纳,0,5,脸的画风不对啊,2021-03-28 19:02:56
35598507,抱起德丽莎老婆乱亲,0,5,mua，老婆！,2021-03-28 19:01:46
4721998,vuvuyuvuv,0,6,爪巴爪巴,2021-03-28 19:01:34
378530529,半夜清闲,0,4,"世界第一可爱生日快乐
ch爬",2021-03-28 19:01:20
309353942,不要全保底,0,5,尽管版本更新不咋地，但是该来的还是会来[吃瓜],2021-03-28 19:01:18
5698466,半个o句号,0,6,坡阿爬,2021-03-28 19:01:04
510035191,就不能像我一样成熟点,0,4,👻！,2021-03-28 19:00:49
456327606,南おおとり,0,3,"德丽莎 好！
策划，爪巴",2021-03-28 19:01:23
58428520,冰织歌,0,6,肝不动，我不要这个皮肤了,2021-03-28 19:01:18
35558225,改个名要nm6币,0,5,sab,2021-03-28 19:00:57
271645232,遊Ai_,0,5,[脱单doge],2021-03-28 19:00:27
144969886,一发立直断幺九,0,5,鬼！,2021-03-28 19:00:21
497749570,乔伊斯永存,0,4,你不是魔法少女，你是？可莉？[doge],2021-03-28 19:01:03
309424127,Kennen030,0,5,嘤嘤嘤,2021-03-28 19:00:18
398211052,君の头七,0,5,好家伙,2021-03-28 19:00:16
54886390,り凛ん,0,5,喔,2021-03-28 19:00:13
